X,Y,INDEX_,ACCNUM,YEAR,DATE,TIME,HOUR,STREET1,STREET2,OFFSET,ROAD_CLASS,DISTRICT,WARDNUM,DIVISION,LATITUDE,LONGITUDE,LOCCOORD,ACCLOC,TRAFFCTL,VISIBILITY,LIGHT,RDSFCOND,ACCLASS,IMPACTYPE,INVTYPE,INVAGE,INJURY,FATAL_NO,INITDIR,VEHTYPE,MANOEUVER,DRIVACT,DRIVCOND,PEDTYPE,PEDACT,PEDCOND,CYCLISTYPE,CYCACT,CYCCOND,PEDESTRIAN,CYCLIST,AUTOMOBILE,MOTORCYCLE,TRUCK,TRSN_CITY_VEH,EMERG_VEH,PASSENGER,SPEEDING,AG_DRIV,REDLIGHT,ALCOHOL,DISABILITY,POLICE_DIVISION,HOOD_ID,NEIGHBOURHOOD,ObjectId,VEHICLES_IN_STREET
-8859038.292,5425795.736,80247203,5001361534,2015,2015/08/09 04:00:00+00,40,0,KIPLING AVE,FINCH AVE W,18 m North of,Major Arterial,Etobicoke York,1,23,43.743254,-79.582095,Intersection,At Intersection,Traffic Signal,Clear,"Dark, artificial",Dry,Non-Fatal Injury,Rear End,Passenger,55 to 59,Minimal,<Null>,<Null>,<Null>,<Null>,<Null>,<Null>,<Null>,<Null>,<Null>,<Null>,<Null>,<Null>,<Null>,<Null>,Yes,<Null>,<Null>,<Null>,<Null>,Yes,<Null>,Yes,<Null>,<Null>,<Null>,D23,3,Thistletown-Beaumond Heights (3),11090,3
-8859038.292,5425795.736,80247204,5001361534,2015,2015/08/09 04:00:00+00,40,0,KIPLING AVE,FINCH AVE W,18 m North of,Major Arterial,Etobicoke York,1,23,43.743254,-79.582095,Intersection,At Intersection,Traffic Signal,Clear,"Dark, artificial",Dry,Non-Fatal Injury,Rear End,Passenger,5 to 9,Minimal,<Null>,<Null>,<Null>,<Null>,<Null>,<Null>,<Null>,<Null>,<Null>,<Null>,<Null>,<Null>,<Null>,<Null>,Yes,<Null>,<Null>,<Null>,<Null>,Yes,<Null>,Yes,<Null>,<Null>,<Null>,D23,3,Thistletown-Beaumond Heights (3),11091,3
-8859038.292,5425795.736,80247205,5001361534,2015,2015/08/09 04:00:00+00,40,0,KIPLING AVE,FINCH AVE W,18 m North of,Major Arterial,Etobicoke York,1,23,43.743254,-79.582095,Intersection,At Intersection,Traffic Signal,Clear,"Dark, artificial",Dry,Non-Fatal Injury,Rear End,Passenger,25 to 29,Major,<Null>,<Null>,<Null>,<Null>,<Null>,<Null>,<Null>,<Null>,<Null>,<Null>,<Null>,<Null>,<Null>,<Null>,Yes,<Null>,<Null>,<Null>,<Null>,Yes,<Null>,Yes,<Null>,<Null>,<Null>,D23,3,Thistletown-Beaumond Heights (3),11092,3
-8828301.31,5434386.855,80247231,5001362618,2015,2015/08/09 04:00:00+00,700,7,FINCH AVE E,BIRCHMOUNT RD,<Null>,Major Arterial,Scarborough,22,42,43.798983,-79.30598,Intersection,At Intersection,Traffic Signal,Clear,Daylight,Dry,Non-Fatal Injury,Pedestrian Collisions,Driver,55 to 59,None,<Null>,East,"Automobile, Station Wagon",Turning Right,Failed to Yield Right of Way,Normal,<Null>,<Null>,<Null>,<Null>,<Null>,<Null>,Yes,<Null>,Yes,<Null>,<Null>,<Null>,<Null>,<Null>,<Null>,Yes,<Null>,<Null>,<Null>,D42,117,L'Amoreaux (117),11093,117
-8828301.31,5434386.855,80247232,5001362618,2015,2015/08/09 04:00:00+00,700,7,FINCH AVE E,BIRCHMOUNT RD,<Null>,Major Arterial,Scarborough,22,42,43.798983,-79.30598,Intersection,At Intersection,Traffic Signal,Clear,Daylight,Dry,Non-Fatal Injury,Pedestrian Collisions,Pedestrian,70 to 74,Major,<Null>,South,<Null>,<Null>,<Null>,<Null>,Vehicle turns right while ped crosses with ROW at inter.,Crossing with right of way,Normal,<Null>,<Null>,<Null>,Yes,<Null>,Yes,<Null>,<Null>,<Null>,<Null>,<Null>,<Null>,Yes,<Null>,<Null>,<Null>,D42,117,L'Amoreaux (117),11094,117
-8813278.856,5435909.083,80487903,5001366372,2015,2015/08/09 04:00:00+00,2110,21,MEADOWVALE RD,SHEPPARD AVE E,35 m North of,Collector,Scarborough,25,42,43.808852,-79.171031,Mid-Block,Intersection Related,No Control,Clear,"Dark, artificial",Dry,Fatal,Pedestrian Collisions,Driver,70 to 74,None,<Null>,South,"Automobile, Station Wagon",Going Ahead,Driving Properly,Normal,<Null>,<Null>,<Null>,<Null>,<Null>,<Null>,Yes,<Null>,Yes,<Null>,<Null>,<Null>,<Null>,<Null>,<Null>,<Null>,<Null>,<Null>,<Null>,D42,131,Rouge (131),11095,131
-8813278.856,5435909.083,80487904,5001366372,2015,2015/08/09 04:00:00+00,2110,21,MEADOWVALE RD,SHEPPARD AVE E,35 m North of,Collector,Scarborough,25,42,43.808852,-79.171031,Mid-Block,Intersection Related,No Control,Clear,"Dark, artificial",Dry,Fatal,Pedestrian Collisions,Pedestrian,35 to 39,Fatal,36,Unknown,<Null>,<Null>,<Null>,<Null>,Pedestrian hit at mid-block,"Crossing, no Traffic Control",Normal,<Null>,<Null>,<Null>,Yes,<Null>,Yes,<Null>,<Null>,<Null>,<Null>,<Null>,<Null>,<Null>,<Null>,<Null>,<Null>,D42,131,Rouge (131),11096,131
-8854670.337,5417380.103,80487930,5001369619,2015,2015/08/10 04:00:00+00,1130,11,ISLINGTON AVE,THE WESTWAY,<Null>,Major Arterial,Etobicoke York,2,23,43.688613,-79.542857,Intersection,At Intersection,Traffic Signal,Clear,Daylight,Dry,Non-Fatal Injury,Angle,Driver,70 to 74,None,<Null>,South,"Automobile, Station Wagon",Going Ahead,Disobeyed Traffic Control,Inattentive,<Null>,<Null>,<Null>,<Null>,<Null>,<Null>,<Null>,<Null>,Yes,<Null>,<Null>,<Null>,<Null>,Yes,<Null>,Yes,Yes,<Null>,<Null>,D23,7,Willowridge-Martingrove-Richview (7),11097,7
-8854670.337,5417380.103,80487931,5001369619,2015,2015/08/10 04:00:00+00,1130,11,ISLINGTON AVE,THE WESTWAY,<Null>,Major Arterial,Etobicoke York,2,23,43.688613,-79.542857,Intersection,At Intersection,Traffic Signal,Clear,Daylight,Dry,Non-Fatal Injury,Angle,Driver,40 to 44,Minor,<Null>,West,"Automobile, Station Wagon",Going Ahead,Driving Properly,Normal,<Null>,<Null>,<Null>,<Null>,<Null>,<Null>,<Null>,<Null>,Yes,<Null>,<Null>,<Null>,<Null>,Yes,<Null>,Yes,Yes,<Null>,<Null>,D23,7,Willowridge-Martingrove-Richview (7),11098,7
-8854670.337,5417380.103,80487932,5001369619,2015,2015/08/10 04:00:00+00,1130,11,ISLINGTON AVE,THE WESTWAY,<Null>,Major Arterial,Etobicoke York,2,23,43.688613,-79.542857,Intersection,At Intersection,Traffic Signal,Clear,Daylight,Dry,Non-Fatal Injury,Angle,Passenger,0 to 4,Minor,<Null>,<Null>,<Null>,<Null>,<Null>,<Null>,<Null>,<Null>,<Null>,<Null>,<Null>,<Null>,<Null>,<Null>,Yes,<Null>,<Null>,<Null>,<Null>,Yes,<Null>,Yes,Yes,<Null>,<Null>,D23,7,Willowridge-Martingrove-Richview (7),11099,7
-8854670.337,5417380.103,80487933,5001369619,2015,2015/08/10 04:00:00+00,1130,11,ISLINGTON AVE,THE WESTWAY,<Null>,Major Arterial,Etobicoke York,2,23,43.688613,-79.542857,Intersection,At Intersection,Traffic Signal,Clear,Daylight,Dry,Non-Fatal Injury,Angle,Passenger,80 to 84,Major,<Null>,<Null>,<Null>,<Null>,<Null>,<Null>,<Null>,<Null>,<Null>,<Null>,<Null>,<Null>,<Null>,<Null>,Yes,<Null>,<Null>,<Null>,<Null>,Yes,<Null>,Yes,Yes,<Null>,<Null>,D23,7,Willowridge-Martingrove-Richview (7),11100,7
-8845869.085,5413536.701,80247399,5001375207,2015,2015/08/11 04:00:00+00,920,9,ANNETTE ST,KEELE ST,<Null>,Major Arterial,Toronto and East York,4,11,43.663642,-79.463794,Intersection,At Intersection,Traffic Signal,Clear,Daylight,Dry,Non-Fatal Injury,Cyclist Collisions,Truck Driver,65 to 69,None,<Null>,West,Truck - Open,Turning Right,Improper Turn,Inattentive,<Null>,<Null>,<Null>,<Null>,<Null>,<Null>,<Null>,Yes,<Null>,<Null>,Yes,<Null>,<Null>,<Null>,<Null>,<Null>,<Null>,<Null>,<Null>,D11,90,Junction Area (90),11101,90
-8845869.085,5413536.701,80247400,5001375207,2015,2015/08/11 04:00:00+00,920,9,ANNETTE ST,KEELE ST,<Null>,Major Arterial,Toronto and East York,4,11,43.663642,-79.463794,Intersection,At Intersection,Traffic Signal,Clear,Daylight,Dry,Non-Fatal Injury,Cyclist Collisions,Cyclist,55 to 59,Major,<Null>,West,Bicycle,Going Ahead,<Null>,<Null>,<Null>,<Null>,<Null>,Motorist turning right on green or amber at signalized intersection strikes cyclist.,Driving Properly,Normal,<Null>,Yes,<Null>,<Null>,Yes,<Null>,<Null>,<Null>,<Null>,<Null>,<Null>,<Null>,<Null>,D11,90,Junction Area (90),11102,90
-8825865.529,5437355.04,80487983,5001377095,2015,2015/08/11 04:00:00+00,1420,14,71 MCCOOL CRT,<Null>,<Null>,Local,<Null>,23,42,43.818225,-79.284099,Mid-Block,Non Intersection,No Control,Clear,Daylight,Dry,Non-Fatal Injury,SMV Unattended Vehicle,Motorcycle Driver,20 to 24,Major,<Null>,East,Motorcycle,Going Ahead,Lost control,Normal,<Null>,<Null>,<Null>,<Null>,<Null>,<Null>,<Null>,<Null>,<Null>,Yes,<Null>,<Null>,<Null>,<Null>,<Null>,<Null>,<Null>,<Null>,<Null>,D42,130,Milliken (130),11103,130
-8826711.445,5423604.724,80247450,5001378649,2015,2015/08/11 04:00:00+00,1840,18,HAKIMI  AVE,ASHTONBEE RD,97 m South of,Local,Scarborough,21,41,43.729033,-79.291698,Mid-Block,Non Intersection,Stop Sign,Clear,Daylight,Dry,Non-Fatal Injury,Pedestrian Collisions,Driver,40 to 44,None,<Null>,East,"Automobile, Station Wagon",Turning Left,Improper Turn,Inattentive,<Null>,<Null>,<Null>,<Null>,<Null>,<Null>,Yes,<Null>,Yes,<Null>,<Null>,<Null>,<Null>,<Null>,<Null>,<Null>,<Null>,<Null>,<Null>,D41,119,Wexford/Maryvale (119),11104,119
-8826711.445,5423604.724,80247451,5001378649,2015,2015/08/11 04:00:00+00,1840,18,HAKIMI  AVE,ASHTONBEE RD,97 m South of,Local,Scarborough,21,41,43.729033,-79.291698,Mid-Block,Non Intersection,Stop Sign,Clear,Daylight,Dry,Non-Fatal Injury,Pedestrian Collisions,Pedestrian,70 to 74,Major,<Null>,West,<Null>,<Null>,<Null>,<Null>,Pedestrian hit at mid-block,"Crossing, no Traffic Control",Normal,<Null>,<Null>,<Null>,Yes,<Null>,Yes,<Null>,<Null>,<Null>,<Null>,<Null>,<Null>,<Null>,<Null>,<Null>,<Null>,D41,119,Wexford/Maryvale (119),11105,119
-8853449.942,5421549.303,80247513,5001383996,2015,2015/08/12 04:00:00+00,1524,15,WILSON AVE,KELVIN AVE,<Null>,Major Arterial,Etobicoke York,7,31,43.715689,-79.531894,Intersection,At Intersection,Stop Sign,Clear,Daylight,Dry,Non-Fatal Injury,Cyclist Collisions,Cyclist,15 to 19,Major,<Null>,North,Bicycle,Going Ahead,<Null>,<Null>,<Null>,<Null>,<Null>,"Cyclist without ROW rides into path of motorist at inter, lnwy, dwy-Cyclist not turn.",Failed to Yield Right of Way,Inattentive,<Null>,Yes,Yes,<Null>,<Null>,<Null>,<Null>,<Null>,<Null>,<Null>,<Null>,<Null>,<Null>,D31,23,Pelmo Park-Humberlea (23),11106,23
-8837837.272,5431891.431,80542845,5000415270,2015,2015/03/11 04:00:00+00,1240,12,3157 BAYVIEW AVE,<Null>,10 m South of,Major Arterial,North York,"18,17","33,32",43.782801,-79.391643,Intersection,Intersection Related,No Control,Clear,Daylight,Dry,Non-Fatal Injury,Rear End,Driver,65 to 69,None,<Null>,North,"Automobile, Station Wagon",Going Ahead,Following too Close,Normal,<Null>,<Null>,<Null>,<Null>,<Null>,<Null>,<Null>,<Null>,Yes,<Null>,<Null>,<Null>,<Null>,<Null>,<Null>,Yes,<Null>,<Null>,<Null>,D33,52,Bayview Village (52),11107,52
-8828789.669,5414744.758,80236768,5000663068,2015,2015/04/22 04:00:00+00,100,1,KINGSTON RD,COLUMBINE AVE,9 m West of,Major Arterial,Toronto and East York,19,55,43.671492,-79.310367,Intersection,Non Intersection,No Control,Rain,Dark,Wet,Non-Fatal Injury,SMV Unattended Vehicle,Driver,45 to 49,Major,<Null>,West,"Automobile, Station Wagon",Going Ahead,Lost control,Unknown,<Null>,<Null>,<Null>,<Null>,<Null>,<Null>,<Null>,<Null>,Yes,<Null>,<Null>,<Null>,<Null>,<Null>,<Null>,Yes,<Null>,<Null>,<Null>,D55,63,The Beaches (63),11108,63
-8837837.272,5431891.431,80542846,5000415270,2015,2015/03/11 04:00:00+00,1240,12,3157 BAYVIEW AVE,<Null>,10 m South of,Major Arterial,North York,"18,17","33,32",43.782801,-79.391643,Intersection,Intersection Related,No Control,Clear,Daylight,Dry,Non-Fatal Injury,Rear End,Driver,75 to 79,None,<Null>,North,"Automobile, Station Wagon",Slowing or Stopping,Driving Properly,Normal,<Null>,<Null>,<Null>,<Null>,<Null>,<Null>,<Null>,<Null>,Yes,<Null>,<Null>,<Null>,<Null>,<Null>,<Null>,Yes,<Null>,<Null>,<Null>,D33,52,Bayview Village (52),11112,52
-8846293.768,5414903.28,80247471,5001379991,2015,2015/08/12 04:00:00+00,2307,23,ST CLAIR AVE W,KEELE ST,<Null>,Major Arterial,Etobicoke York,5,"12,11",43.672522,-79.467609,Intersection,At Intersection,Traffic Signal,Clear,"Dark, artificial",Dry,Non-Fatal Injury,Pedestrian Collisions,Driver,20 to 24,Minor,<Null>,East,"Automobile, Station Wagon",Going Ahead,Driving Properly,Normal,<Null>,<Null>,<Null>,<Null>,<Null>,<Null>,Yes,<Null>,Yes,<Null>,<Null>,<Null>,<Null>,<Null>,<Null>,Yes,<Null>,<Null>,<Null>,D11,90,Junction Area (90),11113,90
-8827970.914,5433655.676,80565532,5000666173,2015,2015/04/22 04:00:00+00,1402,14,3 RAINIER SQ,<Null>,4 m South of,Local,Scarborough,22,42,43.794242,-79.303012,Intersection,Private Driveway,Stop Sign,Clear,Daylight,Dry,Non-Fatal Injury,SMV Other,Driver,20 to 24,Minimal,<Null>,South,"Automobile, Station Wagon",Turning Left,Lost control,Normal,<Null>,<Null>,<Null>,<Null>,<Null>,<Null>,<Null>,<Null>,Yes,<Null>,<Null>,<Null>,<Null>,Yes,Yes,Yes,<Null>,<Null>,<Null>,D42,117,L'Amoreaux (117),11114,117
-8844395.548,5409774.577,80489686,5001649654,2015,2015/09/24 04:00:00+00,636,6,THE QUEENSWAY,GLENDALE AVE,57 m East of,Major Arterial,Toronto and East York,4,11,43.639189,-79.450557,Mid-Block,At Intersection,No Control,Clear,"Dark, artificial",Dry,Fatal,Pedestrian Collisions,Driver,55 to 59,None,<Null>,East,"Automobile, Station Wagon",Going Ahead,Driving Properly,Normal,<Null>,<Null>,<Null>,<Null>,<Null>,<Null>,Yes,<Null>,Yes,<Null>,<Null>,<Null>,<Null>,<Null>,<Null>,<Null>,<Null>,<Null>,<Null>,D11,87,High Park-Swansea (87),11115,87
-8839983.4,5428607.637,80240149,5000907993,2015,2015/05/31 04:00:00+00,241,2,YONGE ST,SHEPPARD AVE W,<Null>,Major Arterial,North York,18,32,43.7615,-79.410922,Intersection,At Intersection,Traffic Signal,Rain,"Dark, artificial",Wet,Non-Fatal Injury,Pedestrian Collisions,Pedestrian,50 to 54,Major,<Null>,West,<Null>,<Null>,<Null>,<Null>,Vehicle is going straight thru inter.while ped cross without ROW,Crossing without right of way,Unknown,<Null>,<Null>,<Null>,Yes,<Null>,Yes,<Null>,<Null>,<Null>,<Null>,<Null>,<Null>,<Null>,<Null>,<Null>,<Null>,D32,51,Willowdale East (51),11119,51
-8837837.272,5431891.431,80542847,5000415270,2015,2015/03/11 04:00:00+00,1240,12,3157 BAYVIEW AVE,<Null>,10 m South of,Major Arterial,North York,"18,17","33,32",43.782801,-79.391643,Intersection,Intersection Related,No Control,Clear,Daylight,Dry,Non-Fatal Injury,Rear End,Driver,35 to 39,None,<Null>,North,Pick Up Truck,Slowing or Stopping,Driving Properly,Normal,<Null>,<Null>,<Null>,<Null>,<Null>,<Null>,<Null>,<Null>,Yes,<Null>,<Null>,<Null>,<Null>,<Null>,<Null>,Yes,<Null>,<Null>,<Null>,D33,52,Bayview Village (52),11120,52
-8837837.272,5431891.431,80542848,5000415270,2015,2015/03/11 04:00:00+00,1240,12,3157 BAYVIEW AVE,<Null>,10 m South of,Major Arterial,North York,"18,17","33,32",43.782801,-79.391643,Intersection,Intersection Related,No Control,Clear,Daylight,Dry,Non-Fatal Injury,Rear End,Driver,20 to 24,Major,<Null>,North,"Automobile, Station Wagon",Slowing or Stopping,Driving Properly,Normal,<Null>,<Null>,<Null>,<Null>,<Null>,<Null>,<Null>,<Null>,Yes,<Null>,<Null>,<Null>,<Null>,<Null>,<Null>,Yes,<Null>,<Null>,<Null>,D33,52,Bayview Village (52),11121,52
-8831724.83,5428645.246,80509328,5000415624,2015,2015/03/11 04:00:00+00,1331,13,DON VALLEY PARKWAY  S,YORK MILLS RD,545 m North of,<Null>,North York,16,33,43.761744,-79.336734,Mid-Block,Non Intersection,No Control,Clear,Daylight,Dry,Non-Fatal Injury,Rear End,Motorcycle Driver,45 to 49,Major,<Null>,South,Motorcycle,Slowing or Stopping,Following too Close,Other,<Null>,<Null>,<Null>,<Null>,<Null>,<Null>,<Null>,<Null>,Yes,Yes,<Null>,<Null>,<Null>,<Null>,<Null>,Yes,<Null>,<Null>,<Null>,D33,45,Parkwoods-Donalda (45),11122,45
-8831724.83,5428645.246,80509329,5000415624,2015,2015/03/11 04:00:00+00,1331,13,DON VALLEY PARKWAY  S,YORK MILLS RD,545 m North of,<Null>,North York,16,33,43.761744,-79.336734,Mid-Block,Non Intersection,No Control,Clear,Daylight,Dry,Non-Fatal Injury,Rear End,Driver,60 to 64,None,<Null>,South,"Automobile, Station Wagon",Going Ahead,Driving Properly,Normal,<Null>,<Null>,<Null>,<Null>,<Null>,<Null>,<Null>,<Null>,Yes,Yes,<Null>,<Null>,<Null>,<Null>,<Null>,Yes,<Null>,<Null>,<Null>,D33,45,Parkwoods-Donalda (45),11123,45
-8848522.273,5420102.434,80707598,5000422593,2015,2015/03/12 04:00:00+00,1515,15,1570 LAWRENCE AVE W,<Null>,5 m East of,Major Arterial,Etobicoke York,5,12,43.706294,-79.487628,Mid-Block,Non Intersection,No Control,Clear,Daylight,Dry,Non-Fatal Injury,Other,Driver,45 to 49,None,<Null>,West,Municipal Transit Bus (TTC),Going Ahead,Driving Properly,Normal,<Null>,<Null>,<Null>,<Null>,<Null>,<Null>,<Null>,<Null>,<Null>,<Null>,<Null>,Yes,<Null>,Yes,<Null>,<Null>,<Null>,<Null>,<Null>,D12,30,Brookhaven-Amesbury (30),11124,30
-8848522.273,5420102.434,80707647,5000422593,2015,2015/03/12 04:00:00+00,1515,15,1570 LAWRENCE AVE W,<Null>,5 m East of,Major Arterial,Etobicoke York,5,12,43.706294,-79.487628,Mid-Block,Non Intersection,No Control,Clear,Daylight,Dry,Non-Fatal Injury,Other,Passenger,90 to 94,Major,<Null>,<Null>,<Null>,<Null>,<Null>,<Null>,<Null>,<Null>,<Null>,<Null>,<Null>,<Null>,<Null>,<Null>,<Null>,<Null>,<Null>,Yes,<Null>,Yes,<Null>,<Null>,<Null>,<Null>,<Null>,D12,30,Brookhaven-Amesbury (30),11125,30
-8822419.856,5424612.577,80707659,5000423922,2015,2015/03/12 04:00:00+00,1930,19,FALMOUTH AVE,EGLINTON AVE E,<Null>,Major Arterial,Scarborough,"21,20",41,43.735575,-79.253146,Intersection,At Intersection,Traffic Signal,Clear,"Dark, artificial",Dry,Non-Fatal Injury,Pedestrian Collisions,Driver,20 to 24,None,<Null>,North,"Automobile, Station Wagon",Turning Left,Failed to Yield Right of Way,Inattentive,<Null>,<Null>,<Null>,<Null>,<Null>,<Null>,Yes,<Null>,Yes,<Null>,<Null>,<Null>,<Null>,<Null>,<Null>,Yes,<Null>,<Null>,<Null>,D41,124,Kennedy Park (124),11126,124
-8822419.856,5424612.577,80707660,5000423922,2015,2015/03/12 04:00:00+00,1930,19,FALMOUTH AVE,EGLINTON AVE E,<Null>,Major Arterial,Scarborough,"21,20",41,43.735575,-79.253146,Intersection,At Intersection,Traffic Signal,Clear,"Dark, artificial",Dry,Non-Fatal Injury,Pedestrian Collisions,Pedestrian,60 to 64,Major,<Null>,South,<Null>,<Null>,<Null>,<Null>,Vehicle turns left while ped crosses with ROW at inter.,Crossing with right of way,Normal,<Null>,<Null>,<Null>,Yes,<Null>,Yes,<Null>,<Null>,<Null>,<Null>,<Null>,<Null>,Yes,<Null>,<Null>,<Null>,D41,124,Kennedy Park (124),11127,124
-8845450.412,5412160.17,80509563,5000439931,2015,2015/03/15 04:00:00+00,1445,14,BLOOR ST W,PARKSIDE DR,<Null>,Major Arterial,Toronto and East York,4,11,43.654696,-79.460033,Intersection,At Intersection,Traffic Signal,Clear,Daylight,Dry,Non-Fatal Injury,Turning Movement,Driver,50 to 54,None,<Null>,North,"Automobile, Station Wagon",Turning Left,Failed to Yield Right of Way,Inattentive,<Null>,<Null>,<Null>,<Null>,<Null>,<Null>,<Null>,<Null>,Yes,<Null>,<Null>,<Null>,<Null>,<Null>,<Null>,Yes,<Null>,<Null>,<Null>,D11,87,High Park-Swansea (87),11129,87
-8845450.412,5412160.17,80509564,5000439931,2015,2015/03/15 04:00:00+00,1445,14,BLOOR ST W,PARKSIDE DR,<Null>,Major Arterial,Toronto and East York,4,11,43.654696,-79.460033,Intersection,At Intersection,Traffic Signal,Clear,Daylight,Dry,Non-Fatal Injury,Turning Movement,Driver,50 to 54,Major,<Null>,South,"Automobile, Station Wagon",Going Ahead,Driving Properly,Normal,<Null>,<Null>,<Null>,<Null>,<Null>,<Null>,<Null>,<Null>,Yes,<Null>,<Null>,<Null>,<Null>,<Null>,<Null>,Yes,<Null>,<Null>,<Null>,D11,87,High Park-Swansea (87),11130,87
-8845450.412,5412160.17,80509565,5000439931,2015,2015/03/15 04:00:00+00,1445,14,BLOOR ST W,PARKSIDE DR,<Null>,Major Arterial,Toronto and East York,4,11,43.654696,-79.460033,Intersection,At Intersection,Traffic Signal,Clear,Daylight,Dry,Non-Fatal Injury,Turning Movement,Driver,45 to 49,None,<Null>,Unknown,"Automobile, Station Wagon",Turning Right,Driving Properly,Normal,<Null>,<Null>,<Null>,<Null>,<Null>,<Null>,<Null>,<Null>,Yes,<Null>,<Null>,<Null>,<Null>,<Null>,<Null>,Yes,<Null>,<Null>,<Null>,D11,87,High Park-Swansea (87),11131,87
-8843913.201,5432923.784,80233895,5000452654,2015,2015/03/17 04:00:00+00,1737,17,BATHURST ST,CARPENTER RD,185 m South of,Major Arterial,North York,"6,18",32,43.789496,-79.446224,Mid-Block,Non Intersection,No Control,Clear,Daylight,Dry,Non-Fatal Injury,Approaching,Driver,35 to 39,Major,<Null>,South,"Automobile, Station Wagon",Going Ahead,Lost control,Inattentive,<Null>,<Null>,<Null>,<Null>,<Null>,<Null>,<Null>,<Null>,Yes,<Null>,<Null>,<Null>,<Null>,Yes,<Null>,<Null>,<Null>,<Null>,<Null>,D32,36,Newtonbrook West (36),11132,36
-8843913.201,5432923.784,80233896,5000452654,2015,2015/03/17 04:00:00+00,1737,17,BATHURST ST,CARPENTER RD,185 m South of,Major Arterial,North York,"6,18",32,43.789496,-79.446224,Mid-Block,Non Intersection,No Control,Clear,Daylight,Dry,Non-Fatal Injury,Approaching,Driver,45 to 49,None,<Null>,North,"Automobile, Station Wagon",Going Ahead,Driving Properly,Normal,<Null>,<Null>,<Null>,<Null>,<Null>,<Null>,<Null>,<Null>,Yes,<Null>,<Null>,<Null>,<Null>,Yes,<Null>,<Null>,<Null>,<Null>,<Null>,D32,36,Newtonbrook West (36),11133,36
-8843913.201,5432923.784,80233897,5000452654,2015,2015/03/17 04:00:00+00,1737,17,BATHURST ST,CARPENTER RD,185 m South of,Major Arterial,North York,"6,18",32,43.789496,-79.446224,Mid-Block,Non Intersection,No Control,Clear,Daylight,Dry,Non-Fatal Injury,Approaching,Passenger,0 to 4,Minimal,<Null>,<Null>,<Null>,<Null>,<Null>,<Null>,<Null>,<Null>,<Null>,<Null>,<Null>,<Null>,<Null>,<Null>,Yes,<Null>,<Null>,<Null>,<Null>,Yes,<Null>,<Null>,<Null>,<Null>,<Null>,D32,36,Newtonbrook West (36),11134,36
-8843913.201,5432923.784,80233898,5000452654,2015,2015/03/17 04:00:00+00,1737,17,BATHURST ST,CARPENTER RD,185 m South of,Major Arterial,North York,"6,18",32,43.789496,-79.446224,Mid-Block,Non Intersection,No Control,Clear,Daylight,Dry,Non-Fatal Injury,Approaching,Passenger,15 to 19,None,<Null>,<Null>,<Null>,<Null>,<Null>,<Null>,<Null>,<Null>,<Null>,<Null>,<Null>,<Null>,<Null>,<Null>,Yes,<Null>,<Null>,<Null>,<Null>,Yes,<Null>,<Null>,<Null>,<Null>,<Null>,D32,36,Newtonbrook West (36),11135,36
-8847578.729,5420408.422,80509706,5000456484,2015,2015/03/18 04:00:00+00,1050,10,LAWRENCE AVE W,KEELE ST,98 m West of,Major Arterial,Etobicoke York,5,12,43.708281,-79.479152,Mid-Block,Non Intersection,No Control,Clear,Daylight,Dry,Non-Fatal Injury,Pedestrian Collisions,Driver,65 to 69,None,<Null>,West,"Automobile, Station Wagon",Going Ahead,Driving Properly,Normal,<Null>,<Null>,<Null>,<Null>,<Null>,<Null>,Yes,<Null>,Yes,<Null>,<Null>,<Null>,<Null>,<Null>,<Null>,<Null>,<Null>,<Null>,<Null>,D12,30,Brookhaven-Amesbury (30),11136,30
-8847578.729,5420408.422,80509707,5000456484,2015,2015/03/18 04:00:00+00,1050,10,LAWRENCE AVE W,KEELE ST,98 m West of,Major Arterial,Etobicoke York,5,12,43.708281,-79.479152,Mid-Block,Non Intersection,No Control,Clear,Daylight,Dry,Non-Fatal Injury,Pedestrian Collisions,Pedestrian,75 to 79,Major,<Null>,North,<Null>,<Null>,<Null>,<Null>,Pedestrian hit at mid-block,"Crossing, no Traffic Control",Inattentive,<Null>,<Null>,<Null>,Yes,<Null>,Yes,<Null>,<Null>,<Null>,<Null>,<Null>,<Null>,<Null>,<Null>,<Null>,<Null>,D12,30,Brookhaven-Amesbury (30),11137,30
-8840904.903,5433716.746,80234705,5000518760,2015,2015/03/19 04:00:00+00,1645,16,6212 YONGE ST,<Null>,<Null>,Major Arterial,North York,18,32,43.794638,-79.4192,Mid-Block,At/Near Private Drive,No Control,Clear,Daylight,Dry,Fatal,Pedestrian Collisions,Driver,unknown,None,<Null>,East,"Automobile, Station Wagon",Going Ahead,Failed to Yield Right of Way,Unknown,<Null>,<Null>,<Null>,<Null>,<Null>,<Null>,Yes,<Null>,Yes,<Null>,<Null>,<Null>,<Null>,<Null>,<Null>,Yes,<Null>,<Null>,<Null>,D32,50,Newtonbrook East (50),11138,50