X,Y,INDEX_,ACCNUM,YEAR,DATE,TIME,HOUR,STREET1,STREET2,OFFSET,ROAD_CLASS,DISTRICT,WARDNUM,DIVISION,LATITUDE,LONGITUDE,LOCCOORD,ACCLOC,TRAFFCTL,VISIBILITY,LIGHT,RDSFCOND,ACCLASS,IMPACTYPE,INVTYPE,INVAGE,INJURY,FATAL_NO,INITDIR,VEHTYPE,MANOEUVER,DRIVACT,DRIVCOND,PEDTYPE,PEDACT,PEDCOND,CYCLISTYPE,CYCACT,CYCCOND,PEDESTRIAN,CYCLIST,AUTOMOBILE,MOTORCYCLE,TRUCK,TRSN_CITY_VEH,EMERG_VEH,PASSENGER,SPEEDING,AG_DRIV,REDLIGHT,ALCOHOL,DISABILITY,POLICE_DIVISION,HOOD_ID,NEIGHBOURHOOD,ObjectId,VEHICLES_IN_STREET
-8840904.903,5433716.746,80234706,5000518760,2015,2015/03/19 04:00:00+00,1645,16,6212 YONGE ST,<Null>,<Null>,Major Arterial,North York,18,32,43.794638,-79.4192,Mid-Block,At/Near Private Drive,No Control,Clear,Daylight,Dry,Fatal,Pedestrian Collisions,Pedestrian,75 to 79,Minor,<Null>,North,<Null>,<Null>,<Null>,<Null>,Pedestrian hit at private driveway,On Sidewalk or Shoulder,Unknown,<Null>,<Null>,<Null>,Yes,<Null>,Yes,<Null>,<Null>,<Null>,<Null>,<Null>,<Null>,Yes,<Null>,<Null>,<Null>,D32,50,Newtonbrook East (50),11139,50
-8840904.903,5433716.746,80234707,5000518760,2015,2015/03/19 04:00:00+00,1645,16,6212 YONGE ST,<Null>,<Null>,Major Arterial,North York,18,32,43.794638,-79.4192,Mid-Block,At/Near Private Drive,No Control,Clear,Daylight,Dry,Fatal,Pedestrian Collisions,Pedestrian,80 to 84,Fatal,16,North,<Null>,<Null>,<Null>,<Null>,Pedestrian hit at private driveway,On Sidewalk or Shoulder,Normal,<Null>,<Null>,<Null>,Yes,<Null>,Yes,<Null>,<Null>,<Null>,<Null>,<Null>,<Null>,Yes,<Null>,<Null>,<Null>,D32,50,Newtonbrook East (50),11140,50
-8832478.129,5417982.515,80000088,5000466893,2015,2015/03/20 04:00:00+00,58,0,262 TORRENS AVE,<Null>,<Null>,Local,Toronto and East York,14,54,43.692526,-79.343501,Mid-Block,<Null>,No Control,Clear,Dark,Dry,Fatal,Pedestrian Collisions,Pedestrian,85 to 89,Fatal,11,North,<Null>,<Null>,<Null>,<Null>,Pedestrian hit on sidewalk or shoulder,On Sidewalk or Shoulder,Unknown,<Null>,<Null>,<Null>,Yes,<Null>,Yes,<Null>,<Null>,<Null>,<Null>,<Null>,<Null>,<Null>,<Null>,<Null>,<Null>,D54,58,Old East York (58),11141,58
-8832478.129,5417982.515,80000089,5000466893,2015,2015/03/20 04:00:00+00,58,0,262 TORRENS AVE,<Null>,<Null>,Local,Toronto and East York,14,54,43.692526,-79.343501,Mid-Block,<Null>,No Control,Clear,Dark,Dry,Fatal,Pedestrian Collisions,Driver,25 to 29,None,<Null>,South,"Automobile, Station Wagon",Reversing,Other,Inattentive,<Null>,<Null>,<Null>,<Null>,<Null>,<Null>,Yes,<Null>,Yes,<Null>,<Null>,<Null>,<Null>,<Null>,<Null>,<Null>,<Null>,<Null>,<Null>,D54,58,Old East York (58),11142,58
-8841980.138,5416213.261,80496486,5000471839,2015,2015/03/20 04:00:00+00,2010,20,ST CLAIR AVE W,ARLINGTON AVE,<Null>,Major Arterial,Toronto and East York,12,13,43.681033,-79.428859,Intersection,At Intersection,Traffic Signal,Clear,"Dark, artificial",Dry,Fatal,Pedestrian Collisions,Driver,25 to 29,None,<Null>,East,Street Car,Going Ahead,Failed to Yield Right of Way,Normal,<Null>,<Null>,<Null>,<Null>,<Null>,<Null>,Yes,<Null>,<Null>,<Null>,<Null>,Yes,<Null>,<Null>,<Null>,Yes,<Null>,<Null>,<Null>,D13,94,Wychwood (94),11143,94
-8841980.138,5416213.261,80496487,5000471839,2015,2015/03/20 04:00:00+00,2010,20,ST CLAIR AVE W,ARLINGTON AVE,<Null>,Major Arterial,Toronto and East York,12,13,43.681033,-79.428859,Intersection,At Intersection,Traffic Signal,Clear,"Dark, artificial",Dry,Fatal,Pedestrian Collisions,Pedestrian,80 to 84,Fatal,14,South,<Null>,<Null>,<Null>,<Null>,Pedestrian involved in a collision with transit vehicle anywhere along roadway,Crossing with right of way,Medical or Physical Disability,<Null>,<Null>,<Null>,Yes,<Null>,<Null>,<Null>,<Null>,Yes,<Null>,<Null>,<Null>,Yes,<Null>,<Null>,<Null>,D13,94,Wychwood (94),11144,94
-8842009.86,5409679.516,80559522,5000471900,2015,2015/03/20 04:00:00+00,2020,20,KING ST W,TYNDALL AVE,<Null>,Major Arterial,Toronto and East York,4,14,43.638571,-79.429126,Intersection,At Intersection,Stop Sign,Clear,"Dark, artificial",Dry,Non-Fatal Injury,Cyclist Collisions,Driver,55 to 59,None,<Null>,North,"Automobile, Station Wagon",Turning Left,Failed to Yield Right of Way,Inattentive,<Null>,<Null>,<Null>,<Null>,<Null>,<Null>,<Null>,Yes,Yes,<Null>,<Null>,<Null>,<Null>,<Null>,<Null>,Yes,<Null>,<Null>,<Null>,D14,85,South Parkdale (85),11145,85
-8842009.86,5409679.516,80559523,5000471900,2015,2015/03/20 04:00:00+00,2020,20,KING ST W,TYNDALL AVE,<Null>,Major Arterial,Toronto and East York,4,14,43.638571,-79.429126,Intersection,At Intersection,Stop Sign,Clear,"Dark, artificial",Dry,Non-Fatal Injury,Cyclist Collisions,Cyclist,45 to 49,Major,<Null>,West,Bicycle,Going Ahead,<Null>,<Null>,<Null>,<Null>,<Null>,Motorist turned left across cyclists path.,Driving Properly,Normal,<Null>,Yes,Yes,<Null>,<Null>,<Null>,<Null>,<Null>,<Null>,Yes,<Null>,<Null>,<Null>,D14,85,South Parkdale (85),11146,85
-8836042.69,5413857.706,80234285,5000486236,2015,2015/03/23 04:00:00+00,1100,11,HOMEWOOD AVENUE,MAITLAND PLACE,<Null>,Collector,Toronto and East York,13,51,43.665728,-79.375522,Intersection,At Intersection,Stop Sign,Clear,Daylight,Dry,Non-Fatal Injury,Cyclist Collisions,Cyclist,15 to 19,Major,<Null>,East,Bicycle,Turning Left,<Null>,<Null>,<Null>,<Null>,<Null>,Cyclist turned left across motorists path.,Disobeyed Traffic Control,Inattentive,<Null>,Yes,Yes,<Null>,<Null>,<Null>,<Null>,<Null>,<Null>,<Null>,<Null>,<Null>,<Null>,D51,71,Cabbagetown-South St.James Town (71),11147,71
-8836042.69,5413857.706,80234286,5000486236,2015,2015/03/23 04:00:00+00,1100,11,HOMEWOOD AVENUE,MAITLAND PLACE,<Null>,Collector,Toronto and East York,13,51,43.665728,-79.375522,Intersection,At Intersection,Stop Sign,Clear,Daylight,Dry,Non-Fatal Injury,Cyclist Collisions,Driver,60 to 64,None,<Null>,South,"Automobile, Station Wagon",Going Ahead,Driving Properly,Normal,<Null>,<Null>,<Null>,<Null>,<Null>,<Null>,<Null>,Yes,Yes,<Null>,<Null>,<Null>,<Null>,<Null>,<Null>,<Null>,<Null>,<Null>,<Null>,D51,71,Cabbagetown-South St.James Town (71),11148,71
-8827357.766,5423082.353,80510218,5000513349,2015,2015/03/27 04:00:00+00,1950,19,EGLINTON AVE E,PHARMACY AVE,<Null>,Major Arterial,Scarborough,"21,20",41,43.725642,-79.297504,Intersection,Non Intersection,No Control,Clear,"Dark, artificial",Dry,Non-Fatal Injury,Other,Driver,55 to 59,None,<Null>,East,Municipal Transit Bus (TTC),Slowing or Stopping,Driving Properly,Normal,<Null>,<Null>,<Null>,<Null>,<Null>,<Null>,<Null>,<Null>,<Null>,<Null>,<Null>,Yes,<Null>,Yes,<Null>,<Null>,<Null>,<Null>,<Null>,D41,119,Wexford/Maryvale (119),11149,119
-8827357.766,5423082.353,80510219,5000513349,2015,2015/03/27 04:00:00+00,1950,19,EGLINTON AVE E,PHARMACY AVE,<Null>,Major Arterial,Scarborough,"21,20",41,43.725642,-79.297504,Intersection,Non Intersection,No Control,Clear,"Dark, artificial",Dry,Non-Fatal Injury,Other,Passenger,50 to 54,Major,<Null>,<Null>,<Null>,<Null>,<Null>,<Null>,<Null>,<Null>,<Null>,<Null>,<Null>,<Null>,<Null>,<Null>,<Null>,<Null>,<Null>,Yes,<Null>,Yes,<Null>,<Null>,<Null>,<Null>,<Null>,D41,119,Wexford/Maryvale (119),11150,119
-8827929.281,5422938.941,80496509,5000513611,2015,2015/03/27 04:00:00+00,2053,20,EGLINTON AVE E,VICTORIA PARK AVE,3 m West of,Major Arterial,North York,"16,21,20","41,54,33",43.724711,-79.302638,Intersection,Non Intersection,No Control,Clear,"Dark, artificial",Dry,Fatal,Pedestrian Collisions,Driver,60 to 64,None,<Null>,West,"Automobile, Station Wagon",Going Ahead,Driving Properly,Normal,<Null>,<Null>,<Null>,<Null>,<Null>,<Null>,Yes,<Null>,Yes,<Null>,<Null>,<Null>,<Null>,Yes,<Null>,<Null>,<Null>,<Null>,<Null>,D41,119,Wexford/Maryvale (119),11151,119
-8827929.281,5422938.941,80496510,5000513611,2015,2015/03/27 04:00:00+00,2053,20,EGLINTON AVE E,VICTORIA PARK AVE,3 m West of,Major Arterial,North York,"16,21,20","41,54,33",43.724711,-79.302638,Intersection,Non Intersection,No Control,Clear,"Dark, artificial",Dry,Fatal,Pedestrian Collisions,Passenger,45 to 49,None,<Null>,<Null>,<Null>,<Null>,<Null>,<Null>,<Null>,<Null>,<Null>,<Null>,<Null>,<Null>,Yes,<Null>,Yes,<Null>,<Null>,<Null>,<Null>,Yes,<Null>,<Null>,<Null>,<Null>,<Null>,D41,119,Wexford/Maryvale (119),11152,119
-8827929.281,5422938.941,80496511,5000513611,2015,2015/03/27 04:00:00+00,2053,20,EGLINTON AVE E,VICTORIA PARK AVE,3 m West of,Major Arterial,North York,"16,21,20","41,54,33",43.724711,-79.302638,Intersection,Non Intersection,No Control,Clear,"Dark, artificial",Dry,Fatal,Pedestrian Collisions,Pedestrian,55 to 59,Fatal,12,Unknown,<Null>,<Null>,<Null>,<Null>,Vehicle is going straight thru inter.while ped cross without ROW,"Crossing, no Traffic Control",Other,<Null>,<Null>,<Null>,Yes,<Null>,Yes,<Null>,<Null>,<Null>,<Null>,Yes,<Null>,<Null>,<Null>,<Null>,<Null>,D41,119,Wexford/Maryvale (119),11153,119
-8850504.539,5420487.73,80510236,5000516977,2015,2015/03/28 04:00:00+00,1238,12,JANE ST,MAPLE LEAF DR,50 m South of,Major Arterial,Etobicoke York,5,12,43.708796,-79.505435,Mid-Block,Non Intersection,No Control,Clear,Daylight,Dry,Non-Fatal Injury,Sideswipe,Motorcycle Driver,20 to 24,Major,<Null>,North,Motorcycle,Going Ahead,Lost control,Normal,<Null>,<Null>,<Null>,<Null>,<Null>,<Null>,<Null>,<Null>,<Null>,Yes,Yes,<Null>,<Null>,<Null>,<Null>,<Null>,<Null>,<Null>,<Null>,D12,28,Rustic (28),11154,28
-8850504.539,5420487.73,80510237,5000516977,2015,2015/03/28 04:00:00+00,1238,12,JANE ST,MAPLE LEAF DR,50 m South of,Major Arterial,Etobicoke York,5,12,43.708796,-79.505435,Mid-Block,Non Intersection,No Control,Clear,Daylight,Dry,Non-Fatal Injury,Sideswipe,Truck Driver,35 to 39,None,<Null>,North,Truck-Tractor,Going Ahead,Driving Properly,Normal,<Null>,<Null>,<Null>,<Null>,<Null>,<Null>,<Null>,<Null>,<Null>,Yes,Yes,<Null>,<Null>,<Null>,<Null>,<Null>,<Null>,<Null>,<Null>,D12,28,Rustic (28),11155,28
-8844877.117,5426633.391,80496513,5000516992,2015,2015/03/28 04:00:00+00,1240,12,REINER RD,WILSON HEIGHTS BLVD,<Null>,Minor Arterial,North York,6,32,43.74869,-79.454883,Intersection,At Intersection,Traffic Signal,Clear,Daylight,Dry,Fatal,Pedestrian Collisions,Driver,30 to 34,None,<Null>,West,"Automobile, Station Wagon",Turning Left,Failed to Yield Right of Way,Inattentive,<Null>,<Null>,<Null>,<Null>,<Null>,<Null>,Yes,<Null>,Yes,<Null>,<Null>,<Null>,<Null>,<Null>,<Null>,Yes,<Null>,<Null>,<Null>,D32,33,Clanton Park (33),11156,33
-8844877.117,5426633.391,80496514,5000516992,2015,2015/03/28 04:00:00+00,1240,12,REINER RD,WILSON HEIGHTS BLVD,<Null>,Minor Arterial,North York,6,32,43.74869,-79.454883,Intersection,At Intersection,Traffic Signal,Clear,Daylight,Dry,Fatal,Pedestrian Collisions,Pedestrian,75 to 79,Fatal,13,West,<Null>,<Null>,<Null>,<Null>,Vehicle turns left while ped crosses with ROW at inter.,Crossing with right of way,Other,<Null>,<Null>,<Null>,Yes,<Null>,Yes,<Null>,<Null>,<Null>,<Null>,<Null>,<Null>,Yes,<Null>,<Null>,<Null>,D32,33,Clanton Park (33),11157,33
-8829941.269,5435421.801,80510339,5000526787,2015,2015/03/30 04:00:00+00,815,8,WARDEN AVE,MCNICOLL AVE,<Null>,Major Arterial,Scarborough,22,42,43.805693,-79.320712,Mid-Block,Non Intersection,No Control,Clear,Daylight,Wet,Non-Fatal Injury,SMV Other,Driver,35 to 39,Major,<Null>,South,"Automobile, Station Wagon",Going Ahead,Lost control,Unknown,<Null>,<Null>,<Null>,<Null>,<Null>,<Null>,<Null>,<Null>,Yes,<Null>,<Null>,<Null>,<Null>,<Null>,<Null>,<Null>,<Null>,<Null>,<Null>,D42,116,Steeles (116),11158,116
-8857581.787,5425801.129,80234804,5000528249,2015,2015/03/30 04:00:00+00,1235,12,70 BEAUMONDE HEIGHTS DR,<Null>,2 m North of,Local,Etobicoke York,1,23,43.743289,-79.569011,Mid-Block,Non Intersection,No Control,Clear,Daylight,Dry,Non-Fatal Injury,SMV Other,Driver,65 to 69,Major,<Null>,North,Delivery Van,Going Ahead,Lost control,Normal,<Null>,<Null>,<Null>,<Null>,<Null>,<Null>,<Null>,<Null>,Yes,<Null>,<Null>,<Null>,<Null>,<Null>,<Null>,<Null>,<Null>,<Null>,<Null>,D23,3,Thistletown-Beaumond Heights (3),11159,3
-8853567.161,5413958.657,80496544,5000542079,2015,2015/04/01 04:00:00+00,1615,16,ISLINGTON AVE,AYLESBURY RD,6 m South of,Major Arterial,Etobicoke York,2,22,43.666384,-79.532947,Intersection,Intersection Related,No Control,Clear,Daylight,Dry,Non-Fatal Injury,Rear End,Driver,15 to 19,Minor,<Null>,North,"Automobile, Station Wagon",Going Ahead,Lost control,Normal,<Null>,<Null>,<Null>,<Null>,<Null>,<Null>,<Null>,<Null>,Yes,<Null>,<Null>,<Null>,<Null>,Yes,<Null>,<Null>,<Null>,<Null>,<Null>,D22,9,Edenbridge-Humber Valley (9),11160,9
-8853567.161,5413958.657,80496545,5000542079,2015,2015/04/01 04:00:00+00,1615,16,ISLINGTON AVE,AYLESBURY RD,6 m South of,Major Arterial,Etobicoke York,2,22,43.666384,-79.532947,Intersection,Intersection Related,No Control,Clear,Daylight,Dry,Non-Fatal Injury,Rear End,Driver,35 to 39,Minimal,<Null>,North,"Automobile, Station Wagon",Stopped,Driving Properly,Normal,<Null>,<Null>,<Null>,<Null>,<Null>,<Null>,<Null>,<Null>,Yes,<Null>,<Null>,<Null>,<Null>,Yes,<Null>,<Null>,<Null>,<Null>,<Null>,D22,9,Edenbridge-Humber Valley (9),11161,9
-8853567.161,5413958.657,80496546,5000542079,2015,2015/04/01 04:00:00+00,1615,16,ISLINGTON AVE,AYLESBURY RD,6 m South of,Major Arterial,Etobicoke York,2,22,43.666384,-79.532947,Intersection,Intersection Related,No Control,Clear,Daylight,Dry,Non-Fatal Injury,Rear End,Passenger,45 to 49,Major,<Null>,<Null>,<Null>,<Null>,<Null>,<Null>,<Null>,<Null>,<Null>,<Null>,<Null>,<Null>,<Null>,<Null>,Yes,<Null>,<Null>,<Null>,<Null>,Yes,<Null>,<Null>,<Null>,<Null>,<Null>,D22,9,Edenbridge-Humber Valley (9),11162,9
-8840116.761,5409503.55,80000100,5000543987,2015,2015/04/01 04:00:00+00,2308,23,F G GARDINER XY  W,STRACHAN AVE,<Null>,<Null>,Toronto and East York,10,14,43.637427,-79.41212,Mid-Block,<Null>,No Control,Clear,"Dark, artificial",Dry,Fatal,SMV Other,Motorcycle Driver,unknown,Fatal,15,West,Motorcycle,Going Ahead,Exceeding Speed Limit,Unknown,<Null>,<Null>,<Null>,<Null>,<Null>,<Null>,<Null>,<Null>,<Null>,Yes,<Null>,<Null>,<Null>,<Null>,Yes,Yes,<Null>,<Null>,<Null>,D14,82,Niagara (82),11163,82
-8832966.488,5431015.063,80559932,5000549380,2015,2015/04/02 04:00:00+00,1951,19,DON MILLS RD,LEITH HILL RD,<Null>,Major Arterial,North York,17,33,43.777117,-79.347888,Intersection,At Intersection,Traffic Signal,Rain,"Dark, artificial",Wet,Non-Fatal Injury,Pedestrian Collisions,Driver,20 to 24,None,<Null>,North,"Automobile, Station Wagon",Going Ahead,Disobeyed Traffic Control,Normal,<Null>,<Null>,<Null>,<Null>,<Null>,<Null>,Yes,<Null>,Yes,<Null>,<Null>,<Null>,<Null>,Yes,<Null>,Yes,Yes,<Null>,<Null>,D33,47,Don Valley Village (47),11164,47
-8832966.488,5431015.063,80559933,5000549380,2015,2015/04/02 04:00:00+00,1951,19,DON MILLS RD,LEITH HILL RD,<Null>,Major Arterial,North York,17,33,43.777117,-79.347888,Intersection,At Intersection,Traffic Signal,Rain,"Dark, artificial",Wet,Non-Fatal Injury,Pedestrian Collisions,Passenger,20 to 24,None,<Null>,<Null>,<Null>,<Null>,<Null>,<Null>,<Null>,<Null>,<Null>,<Null>,<Null>,<Null>,Yes,<Null>,Yes,<Null>,<Null>,<Null>,<Null>,Yes,<Null>,Yes,Yes,<Null>,<Null>,D33,47,Don Valley Village (47),11165,47
-8832966.488,5431015.063,80559934,5000549380,2015,2015/04/02 04:00:00+00,1951,19,DON MILLS RD,LEITH HILL RD,<Null>,Major Arterial,North York,17,33,43.777117,-79.347888,Intersection,At Intersection,Traffic Signal,Rain,"Dark, artificial",Wet,Non-Fatal Injury,Pedestrian Collisions,Pedestrian,50 to 54,Major,<Null>,West,<Null>,<Null>,<Null>,<Null>,Vehicle is going straight thru inter.while ped cross with ROW,Crossing with right of way,Unknown,<Null>,<Null>,<Null>,Yes,<Null>,Yes,<Null>,<Null>,<Null>,<Null>,Yes,<Null>,Yes,Yes,<Null>,<Null>,D33,47,Don Valley Village (47),11166,47
-8829258.435,5427758.705,80767759,5000552062,2015,2015/04/03 04:00:00+00,950,9,VICTORIA PARK AVE,COMBERMERE DR,12 m South of,Major Arterial,North York,"16,21","41,33",43.755992,-79.314578,Intersection,Intersection Related,No Control,Clear,Daylight,Dry,Non-Fatal Injury,Rear End,Driver,65 to 69,None,<Null>,South,"Automobile, Station Wagon",Going Ahead,Following too Close,Inattentive,<Null>,<Null>,<Null>,<Null>,<Null>,<Null>,<Null>,<Null>,Yes,<Null>,<Null>,<Null>,<Null>,Yes,<Null>,Yes,<Null>,<Null>,<Null>,D41,119,Wexford/Maryvale (119),11167,119
-8829258.435,5427758.705,80767760,5000552062,2015,2015/04/03 04:00:00+00,950,9,VICTORIA PARK AVE,COMBERMERE DR,12 m South of,Major Arterial,North York,"16,21","41,33",43.755992,-79.314578,Intersection,Intersection Related,No Control,Clear,Daylight,Dry,Non-Fatal Injury,Rear End,Driver,50 to 54,Minimal,<Null>,South,"Automobile, Station Wagon",Slowing or Stopping,Driving Properly,Normal,<Null>,<Null>,<Null>,<Null>,<Null>,<Null>,<Null>,<Null>,Yes,<Null>,<Null>,<Null>,<Null>,Yes,<Null>,Yes,<Null>,<Null>,<Null>,D41,119,Wexford/Maryvale (119),11168,119
-8829258.435,5427758.705,80767761,5000552062,2015,2015/04/03 04:00:00+00,950,9,VICTORIA PARK AVE,COMBERMERE DR,12 m South of,Major Arterial,North York,"16,21","41,33",43.755992,-79.314578,Intersection,Intersection Related,No Control,Clear,Daylight,Dry,Non-Fatal Injury,Rear End,Driver,45 to 49,None,<Null>,South,"Automobile, Station Wagon",Stopped,Driving Properly,Normal,<Null>,<Null>,<Null>,<Null>,<Null>,<Null>,<Null>,<Null>,Yes,<Null>,<Null>,<Null>,<Null>,Yes,<Null>,Yes,<Null>,<Null>,<Null>,D41,119,Wexford/Maryvale (119),11169,119
-8829258.435,5427758.705,80767762,5000552062,2015,2015/04/03 04:00:00+00,950,9,VICTORIA PARK AVE,COMBERMERE DR,12 m South of,Major Arterial,North York,"16,21","41,33",43.755992,-79.314578,Intersection,Intersection Related,No Control,Clear,Daylight,Dry,Non-Fatal Injury,Rear End,Driver,35 to 39,None,<Null>,South,"Automobile, Station Wagon",Stopped,Driving Properly,Normal,<Null>,<Null>,<Null>,<Null>,<Null>,<Null>,<Null>,<Null>,Yes,<Null>,<Null>,<Null>,<Null>,Yes,<Null>,Yes,<Null>,<Null>,<Null>,D41,119,Wexford/Maryvale (119),11170,119
-8829258.435,5427758.705,80767763,5000552062,2015,2015/04/03 04:00:00+00,950,9,VICTORIA PARK AVE,COMBERMERE DR,12 m South of,Major Arterial,North York,"16,21","41,33",43.755992,-79.314578,Intersection,Intersection Related,No Control,Clear,Daylight,Dry,Non-Fatal Injury,Rear End,Passenger,65 to 69,Major,<Null>,<Null>,<Null>,<Null>,<Null>,<Null>,<Null>,<Null>,<Null>,<Null>,<Null>,<Null>,<Null>,<Null>,Yes,<Null>,<Null>,<Null>,<Null>,Yes,<Null>,Yes,<Null>,<Null>,<Null>,D41,119,Wexford/Maryvale (119),11171,119
-8829258.435,5427758.705,80767764,5000552062,2015,2015/04/03 04:00:00+00,950,9,VICTORIA PARK AVE,COMBERMERE DR,12 m South of,Major Arterial,North York,"16,21","41,33",43.755992,-79.314578,Intersection,Intersection Related,No Control,Clear,Daylight,Dry,Non-Fatal Injury,Rear End,Passenger,40 to 44,None,<Null>,<Null>,<Null>,<Null>,<Null>,<Null>,<Null>,<Null>,<Null>,<Null>,<Null>,<Null>,<Null>,<Null>,Yes,<Null>,<Null>,<Null>,<Null>,Yes,<Null>,Yes,<Null>,<Null>,<Null>,D41,119,Wexford/Maryvale (119),11172,119
-8829258.435,5427758.705,80767765,5000552062,2015,2015/04/03 04:00:00+00,950,9,VICTORIA PARK AVE,COMBERMERE DR,12 m South of,Major Arterial,North York,"16,21","41,33",43.755992,-79.314578,Intersection,Intersection Related,No Control,Clear,Daylight,Dry,Non-Fatal Injury,Rear End,Passenger,65 to 69,None,<Null>,<Null>,<Null>,<Null>,<Null>,<Null>,<Null>,<Null>,<Null>,<Null>,<Null>,<Null>,<Null>,<Null>,Yes,<Null>,<Null>,<Null>,<Null>,Yes,<Null>,Yes,<Null>,<Null>,<Null>,D41,119,Wexford/Maryvale (119),11173,119
-8829258.435,5427758.705,80767766,5000552062,2015,2015/04/03 04:00:00+00,950,9,VICTORIA PARK AVE,COMBERMERE DR,12 m South of,Major Arterial,North York,"16,21","41,33",43.755992,-79.314578,Intersection,Intersection Related,No Control,Clear,Daylight,Dry,Non-Fatal Injury,Rear End,Passenger,70 to 74,None,<Null>,<Null>,<Null>,<Null>,<Null>,<Null>,<Null>,<Null>,<Null>,<Null>,<Null>,<Null>,<Null>,<Null>,Yes,<Null>,<Null>,<Null>,<Null>,Yes,<Null>,Yes,<Null>,<Null>,<Null>,D41,119,Wexford/Maryvale (119),11174,119
-8829258.435,5427758.705,80767767,5000552062,2015,2015/04/03 04:00:00+00,950,9,VICTORIA PARK AVE,COMBERMERE DR,12 m South of,Major Arterial,North York,"16,21","41,33",43.755992,-79.314578,Intersection,Intersection Related,No Control,Clear,Daylight,Dry,Non-Fatal Injury,Rear End,Passenger,10 to 14,None,<Null>,<Null>,<Null>,<Null>,<Null>,<Null>,<Null>,<Null>,<Null>,<Null>,<Null>,<Null>,<Null>,<Null>,Yes,<Null>,<Null>,<Null>,<Null>,Yes,<Null>,Yes,<Null>,<Null>,<Null>,D41,119,Wexford/Maryvale (119),11175,119
-8829258.435,5427758.705,80767768,5000552062,2015,2015/04/03 04:00:00+00,950,9,VICTORIA PARK AVE,COMBERMERE DR,12 m South of,Major Arterial,North York,"16,21","41,33",43.755992,-79.314578,Intersection,Intersection Related,No Control,Clear,Daylight,Dry,Non-Fatal Injury,Rear End,Passenger,15 to 19,None,<Null>,<Null>,<Null>,<Null>,<Null>,<Null>,<Null>,<Null>,<Null>,<Null>,<Null>,<Null>,<Null>,<Null>,Yes,<Null>,<Null>,<Null>,<Null>,Yes,<Null>,Yes,<Null>,<Null>,<Null>,D41,119,Wexford/Maryvale (119),11176,119
-8829258.435,5427758.705,80767769,5000552062,2015,2015/04/03 04:00:00+00,950,9,VICTORIA PARK AVE,COMBERMERE DR,12 m South of,Major Arterial,North York,"16,21","41,33",43.755992,-79.314578,Intersection,Intersection Related,No Control,Clear,Daylight,Dry,Non-Fatal Injury,Rear End,Passenger,35 to 39,None,<Null>,<Null>,<Null>,<Null>,<Null>,<Null>,<Null>,<Null>,<Null>,<Null>,<Null>,<Null>,<Null>,<Null>,Yes,<Null>,<Null>,<Null>,<Null>,Yes,<Null>,Yes,<Null>,<Null>,<Null>,D41,119,Wexford/Maryvale (119),11177,119
-8829258.435,5427758.705,80767770,5000552062,2015,2015/04/03 04:00:00+00,950,9,VICTORIA PARK AVE,COMBERMERE DR,12 m South of,Major Arterial,North York,"16,21","41,33",43.755992,-79.314578,Intersection,Intersection Related,No Control,Clear,Daylight,Dry,Non-Fatal Injury,Rear End,Passenger,5 to 9,None,<Null>,<Null>,<Null>,<Null>,<Null>,<Null>,<Null>,<Null>,<Null>,<Null>,<Null>,<Null>,<Null>,<Null>,Yes,<Null>,<Null>,<Null>,<Null>,Yes,<Null>,Yes,<Null>,<Null>,<Null>,D41,119,Wexford/Maryvale (119),11178,119
-8829258.435,5427758.705,80767771,5000552062,2015,2015/04/03 04:00:00+00,950,9,VICTORIA PARK AVE,COMBERMERE DR,12 m South of,Major Arterial,North York,"16,21","41,33",43.755992,-79.314578,Intersection,Intersection Related,No Control,Clear,Daylight,Dry,Non-Fatal Injury,Rear End,Passenger,10 to 14,None,<Null>,<Null>,<Null>,<Null>,<Null>,<Null>,<Null>,<Null>,<Null>,<Null>,<Null>,<Null>,<Null>,<Null>,Yes,<Null>,<Null>,<Null>,<Null>,Yes,<Null>,Yes,<Null>,<Null>,<Null>,D41,119,Wexford/Maryvale (119),11179,119
-8818069.825,5425950.903,80235182,5000553836,2015,2015/04/03 04:00:00+00,1626,16,3231 EGLINTON AVE E,<Null>,7 m West of,Major Arterial,Scarborough,24,43,43.744261,-79.214069,Mid-Block,At/Near Private Drive,No Control,Clear,Daylight,Dry,Non-Fatal Injury,Sideswipe,Driver,unknown,None,<Null>,East,<Null>,Changing Lanes,Improper Lane Change,Unknown,<Null>,<Null>,<Null>,<Null>,<Null>,<Null>,<Null>,<Null>,<Null>,Yes,<Null>,<Null>,<Null>,<Null>,<Null>,<Null>,<Null>,<Null>,<Null>,D43,139,Scarborough Village (139),11180,139
-8818069.825,5425950.903,80235183,5000553836,2015,2015/04/03 04:00:00+00,1626,16,3231 EGLINTON AVE E,<Null>,7 m West of,Major Arterial,Scarborough,24,43,43.744261,-79.214069,Mid-Block,At/Near Private Drive,No Control,Clear,Daylight,Dry,Non-Fatal Injury,Sideswipe,Motorcycle Driver,60 to 64,Major,<Null>,East,Motorcycle,Going Ahead,Driving Properly,Normal,<Null>,<Null>,<Null>,<Null>,<Null>,<Null>,<Null>,<Null>,<Null>,Yes,<Null>,<Null>,<Null>,<Null>,<Null>,<Null>,<Null>,<Null>,<Null>,D43,139,Scarborough Village (139),11181,139