X,Y,INDEX_,ACCNUM,YEAR,DATE,TIME,HOUR,STREET1,STREET2,OFFSET,ROAD_CLASS,DISTRICT,WARDNUM,DIVISION,LATITUDE,LONGITUDE,LOCCOORD,ACCLOC,TRAFFCTL,VISIBILITY,LIGHT,RDSFCOND,ACCLASS,IMPACTYPE,INVTYPE,INVAGE,INJURY,FATAL_NO,INITDIR,VEHTYPE,MANOEUVER,DRIVACT,DRIVCOND,PEDTYPE,PEDACT,PEDCOND,CYCLISTYPE,CYCACT,CYCCOND,PEDESTRIAN,CYCLIST,AUTOMOBILE,MOTORCYCLE,TRUCK,TRSN_CITY_VEH,EMERG_VEH,PASSENGER,SPEEDING,AG_DRIV,REDLIGHT,ALCOHOL,DISABILITY,POLICE_DIVISION,HOOD_ID,NEIGHBOURHOOD,ObjectId,VEHICLES_IN_STREET
-8833509.17,5413871.864,80496556,5000560313,2015,2015/04/04 04:00:00+00,2010,20,BROADVIEW AVE,GERRARD ST E,31 m North of,Minor Arterial,Toronto and East York,14,55,43.66582,-79.352763,Mid-Block,Non Intersection,No Control,Rain,"Dark, artificial",Wet,Fatal,Pedestrian Collisions,Driver,35 to 39,None,<Null>,North,Street Car,Slowing or Stopping,Driving Properly,Normal,<Null>,<Null>,<Null>,<Null>,<Null>,<Null>,Yes,<Null>,<Null>,<Null>,<Null>,Yes,<Null>,<Null>,<Null>,<Null>,<Null>,<Null>,<Null>,D55,68,North Riverdale (68),11182,68
-8833509.17,5413871.864,80496557,5000560313,2015,2015/04/04 04:00:00+00,2010,20,BROADVIEW AVE,GERRARD ST E,31 m North of,Minor Arterial,Toronto and East York,14,55,43.66582,-79.352763,Mid-Block,Non Intersection,No Control,Rain,"Dark, artificial",Wet,Fatal,Pedestrian Collisions,Pedestrian,60 to 64,Fatal,17,Unknown,<Null>,<Null>,<Null>,<Null>,Pedestrian involved in a collision with transit vehicle anywhere along roadway,"Crossing, no Traffic Control",Had Been Drinking,<Null>,<Null>,<Null>,Yes,<Null>,<Null>,<Null>,<Null>,Yes,<Null>,<Null>,<Null>,<Null>,<Null>,<Null>,<Null>,D55,68,North Riverdale (68),11183,68
-8849549.084,5415889.712,80510656,5000560374,2015,2015/04/04 04:00:00+00,2028,20,JANE ST,EAST DR,<Null>,Major Arterial,Etobicoke York,5,12,43.678931,-79.496852,Intersection,Intersection Related,Traffic Signal,Snow,"Dark, artificial",Wet,Non-Fatal Injury,Pedestrian Collisions,Driver,70 to 74,None,<Null>,South,"Automobile, Station Wagon",Going Ahead,Driving Properly,Normal,<Null>,<Null>,<Null>,<Null>,<Null>,<Null>,Yes,<Null>,Yes,<Null>,<Null>,<Null>,<Null>,Yes,<Null>,<Null>,<Null>,<Null>,<Null>,D12,111,Rockcliffe-Smythe (111),11184,111
-8849549.084,5415889.712,80510657,5000560374,2015,2015/04/04 04:00:00+00,2028,20,JANE ST,EAST DR,<Null>,Major Arterial,Etobicoke York,5,12,43.678931,-79.496852,Intersection,Intersection Related,Traffic Signal,Snow,"Dark, artificial",Wet,Non-Fatal Injury,Pedestrian Collisions,Pedestrian,30 to 34,Major,<Null>,East,<Null>,<Null>,<Null>,<Null>,Vehicle is going straight thru inter.while ped cross without ROW,Crossing without right of way,Unknown,<Null>,<Null>,<Null>,Yes,<Null>,Yes,<Null>,<Null>,<Null>,<Null>,Yes,<Null>,<Null>,<Null>,<Null>,<Null>,D12,111,Rockcliffe-Smythe (111),11185,111
-8849549.084,5415889.712,80510658,5000560374,2015,2015/04/04 04:00:00+00,2028,20,JANE ST,EAST DR,<Null>,Major Arterial,Etobicoke York,5,12,43.678931,-79.496852,Intersection,Intersection Related,Traffic Signal,Snow,"Dark, artificial",Wet,Non-Fatal Injury,Pedestrian Collisions,Passenger,70 to 74,Minor,<Null>,<Null>,<Null>,<Null>,<Null>,<Null>,<Null>,<Null>,<Null>,<Null>,<Null>,<Null>,Yes,<Null>,Yes,<Null>,<Null>,<Null>,<Null>,Yes,<Null>,<Null>,<Null>,<Null>,<Null>,D12,111,Rockcliffe-Smythe (111),11186,111
-8830594.381,5420921.862,80510686,5000563919,2015,2015/04/05 04:00:00+00,1433,14,DON VALLEY PARKWAY  S,SPANBRIDGE,185 m South of,<Null>,North York,16,54,43.711615,-79.326579,Mid-Block,Non Intersection,No Control,Clear,Daylight,Dry,Non-Fatal Injury,Sideswipe,Driver,unknown,None,<Null>,South,<Null>,Changing Lanes,Improper Lane Change,Unknown,<Null>,<Null>,<Null>,<Null>,<Null>,<Null>,<Null>,<Null>,Yes,<Null>,<Null>,<Null>,<Null>,<Null>,<Null>,<Null>,<Null>,<Null>,<Null>,D54,44,Flemingdon Park (44),11187,44
-8830594.381,5420921.862,80510687,5000563919,2015,2015/04/05 04:00:00+00,1433,14,DON VALLEY PARKWAY  S,SPANBRIDGE,185 m South of,<Null>,North York,16,54,43.711615,-79.326579,Mid-Block,Non Intersection,No Control,Clear,Daylight,Dry,Non-Fatal Injury,Sideswipe,Driver,20 to 24,Major,<Null>,South,"Automobile, Station Wagon",Going Ahead,Driving Properly,Normal,<Null>,<Null>,<Null>,<Null>,<Null>,<Null>,<Null>,<Null>,Yes,<Null>,<Null>,<Null>,<Null>,<Null>,<Null>,<Null>,<Null>,<Null>,<Null>,D54,44,Flemingdon Park (44),11188,44
-8840214.5,5417504.492,80235410,5000573038,2015,2015/04/07 04:00:00+00,944,9,THELMA AVE,SPADINA RD,20 m East of,Minor Arterial,Toronto and East York,12,"53,13",43.689421,-79.412998,Intersection,Intersection Related,Stop Sign,Clear,Daylight,Dry,Non-Fatal Injury,Pedestrian Collisions,Driver,45 to 49,None,<Null>,West,"Automobile, Station Wagon",Reversing,Other,Normal,<Null>,<Null>,<Null>,<Null>,<Null>,<Null>,Yes,<Null>,Yes,<Null>,<Null>,<Null>,<Null>,<Null>,<Null>,<Null>,<Null>,<Null>,<Null>,D53,101,Forest Hill South (101),11189,101
-8840214.5,5417504.492,80235411,5000573038,2015,2015/04/07 04:00:00+00,944,9,THELMA AVE,SPADINA RD,20 m East of,Minor Arterial,Toronto and East York,12,"53,13",43.689421,-79.412998,Intersection,Intersection Related,Stop Sign,Clear,Daylight,Dry,Non-Fatal Injury,Pedestrian Collisions,Pedestrian,50 to 54,Major,<Null>,North,<Null>,<Null>,<Null>,<Null>,Vehicle is reversing and hits pedestrian,Other,Normal,<Null>,<Null>,<Null>,Yes,<Null>,Yes,<Null>,<Null>,<Null>,<Null>,<Null>,<Null>,<Null>,<Null>,<Null>,<Null>,D53,101,Forest Hill South (101),11190,101
-8845288.999,5421176.283,80235517,5000580621,2015,2015/04/08 04:00:00+00,1427,14,APEX RD,LAWRENCE AVE W,<Null>,Major Arterial,North York,8,"32,13",43.713267,-79.458583,Intersection,At Intersection,Traffic Signal,Rain,Daylight,Wet,Non-Fatal Injury,Pedestrian Collisions,Driver,65 to 69,None,<Null>,South,"Automobile, Station Wagon",Turning Left,Failed to Yield Right of Way,Inattentive,<Null>,<Null>,<Null>,<Null>,<Null>,<Null>,Yes,<Null>,Yes,<Null>,<Null>,<Null>,<Null>,<Null>,<Null>,Yes,<Null>,<Null>,<Null>,D13,31,Yorkdale-Glen Park (31),11191,31
-8845288.999,5421176.283,80235518,5000580621,2015,2015/04/08 04:00:00+00,1427,14,APEX RD,LAWRENCE AVE W,<Null>,Major Arterial,North York,8,"32,13",43.713267,-79.458583,Intersection,At Intersection,Traffic Signal,Rain,Daylight,Wet,Non-Fatal Injury,Pedestrian Collisions,Pedestrian,55 to 59,Major,<Null>,North,<Null>,<Null>,<Null>,<Null>,Vehicle turns left while ped crosses with ROW at inter.,Crossing with right of way,Normal,<Null>,<Null>,<Null>,Yes,<Null>,Yes,<Null>,<Null>,<Null>,<Null>,<Null>,<Null>,Yes,<Null>,<Null>,<Null>,D13,31,Yorkdale-Glen Park (31),11192,31
-8824065.047,5424091.382,80510908,5000589583,2015,2015/04/10 04:00:00+00,304,3,KENNEDY RD,EGLINTON AVE E,<Null>,Major Arterial,Scarborough,"21,20",41,43.732192,-79.267925,Intersection,At Intersection,Traffic Signal,Rain,"Dark, artificial",Wet,Non-Fatal Injury,Angle,Driver,40 to 44,None,<Null>,West,"Automobile, Station Wagon",Going Ahead,Driving Properly,Normal,<Null>,<Null>,<Null>,<Null>,<Null>,<Null>,<Null>,<Null>,Yes,<Null>,<Null>,<Null>,<Null>,Yes,<Null>,Yes,Yes,<Null>,<Null>,D41,124,Kennedy Park (124),11193,124
-8824065.047,5424091.382,80510909,5000589583,2015,2015/04/10 04:00:00+00,304,3,KENNEDY RD,EGLINTON AVE E,<Null>,Major Arterial,Scarborough,"21,20",41,43.732192,-79.267925,Intersection,At Intersection,Traffic Signal,Rain,"Dark, artificial",Wet,Non-Fatal Injury,Angle,Driver,20 to 24,Major,<Null>,North,"Automobile, Station Wagon",Going Ahead,Disobeyed Traffic Control,Normal,<Null>,<Null>,<Null>,<Null>,<Null>,<Null>,<Null>,<Null>,Yes,<Null>,<Null>,<Null>,<Null>,Yes,<Null>,Yes,Yes,<Null>,<Null>,D41,124,Kennedy Park (124),11194,124
-8824065.047,5424091.382,80510910,5000589583,2015,2015/04/10 04:00:00+00,304,3,KENNEDY RD,EGLINTON AVE E,<Null>,Major Arterial,Scarborough,"21,20",41,43.732192,-79.267925,Intersection,At Intersection,Traffic Signal,Rain,"Dark, artificial",Wet,Non-Fatal Injury,Angle,Passenger,25 to 29,Major,<Null>,<Null>,<Null>,<Null>,<Null>,<Null>,<Null>,<Null>,<Null>,<Null>,<Null>,<Null>,<Null>,<Null>,Yes,<Null>,<Null>,<Null>,<Null>,Yes,<Null>,Yes,Yes,<Null>,<Null>,D41,124,Kennedy Park (124),11195,124
-8827275.39,5417484.017,80560198,5000591639,2015,2015/04/10 04:00:00+00,1154,11,DAWES RD,DANFORTH AVE,24 m South of,Major Arterial,Toronto and East York,19,"54,55",43.689288,-79.296764,Intersection,Non Intersection,No Control,Clear,Daylight,Dry,Non-Fatal Injury,Pedestrian Collisions,Driver,80 to 84,None,<Null>,South,"Automobile, Station Wagon",Going Ahead,Lost control,Inattentive,<Null>,<Null>,<Null>,<Null>,<Null>,<Null>,Yes,<Null>,Yes,<Null>,<Null>,<Null>,<Null>,<Null>,<Null>,<Null>,<Null>,<Null>,<Null>,D55,62,East End-Danforth (62),11196,62
-8827275.39,5417484.017,80560199,5000591639,2015,2015/04/10 04:00:00+00,1154,11,DAWES RD,DANFORTH AVE,24 m South of,Major Arterial,Toronto and East York,19,"54,55",43.689288,-79.296764,Intersection,Non Intersection,No Control,Clear,Daylight,Dry,Non-Fatal Injury,Pedestrian Collisions,Driver,45 to 49,None,<Null>,South,"Automobile, Station Wagon",Parked,Other,Unknown,<Null>,<Null>,<Null>,<Null>,<Null>,<Null>,Yes,<Null>,Yes,<Null>,<Null>,<Null>,<Null>,<Null>,<Null>,<Null>,<Null>,<Null>,<Null>,D55,62,East End-Danforth (62),11197,62
-8827275.39,5417484.017,80560200,5000591639,2015,2015/04/10 04:00:00+00,1154,11,DAWES RD,DANFORTH AVE,24 m South of,Major Arterial,Toronto and East York,19,"54,55",43.689288,-79.296764,Intersection,Non Intersection,No Control,Clear,Daylight,Dry,Non-Fatal Injury,Pedestrian Collisions,Pedestrian,45 to 49,Major,<Null>,Unknown,<Null>,<Null>,<Null>,<Null>,Pedestrian hit at mid-block,Other,Normal,<Null>,<Null>,<Null>,Yes,<Null>,Yes,<Null>,<Null>,<Null>,<Null>,<Null>,<Null>,<Null>,<Null>,<Null>,<Null>,D55,62,East End-Danforth (62),11198,62
-8849887.162,5422623.474,8000330,5000611703,2015,2015/04/13 04:00:00+00,1734,17,WILSON AVE,WILLIAM CRAGG DR,<Null>,Major Arterial,North York,6,31,43.722663,-79.499889,Mid-Block,<Null>,No Control,Clear,Daylight,Dry,Fatal,Rear End,Driver,85 to 89,Fatal,18,West,"Automobile, Station Wagon",Going Ahead,Following too Close,Inattentive,<Null>,<Null>,<Null>,<Null>,<Null>,<Null>,<Null>,<Null>,Yes,<Null>,<Null>,Yes,<Null>,<Null>,<Null>,Yes,<Null>,<Null>,<Null>,D31,26,Downsview-Roding-CFB (26),11199,26
-8849887.162,5422623.474,80000107,5000611703,2015,2015/04/13 04:00:00+00,1734,17,WILSON AVE,WILLIAM CRAGG DR,<Null>,Major Arterial,North York,6,31,43.722663,-79.499889,Mid-Block,<Null>,No Control,Clear,Daylight,Dry,Fatal,Rear End,Driver,50 to 54,None,<Null>,West,Municipal Transit Bus (TTC),Going Ahead,Driving Properly,Normal,<Null>,<Null>,<Null>,<Null>,<Null>,<Null>,<Null>,<Null>,Yes,<Null>,<Null>,Yes,<Null>,<Null>,<Null>,Yes,<Null>,<Null>,<Null>,D31,26,Downsview-Roding-CFB (26),11200,26
-8849355.5,5407731.151,80194581,5000613755,2015,2015/04/14 04:00:00+00,115,1,7 INVERLEIGH DR,<Null>,<Null>,Local,Etobicoke York,3,22,43.625903,-79.495113,Mid-Block,At/Near Private Drive,No Control,Clear,"Dark, artificial",Dry,Non-Fatal Injury,Pedestrian Collisions,Driver,35 to 39,<Null>,<Null>,North,"Automobile, Station Wagon",Going Ahead,Other,Unknown,<Null>,<Null>,<Null>,<Null>,<Null>,<Null>,Yes,<Null>,Yes,<Null>,<Null>,<Null>,<Null>,<Null>,<Null>,<Null>,<Null>,<Null>,<Null>,D22,16,Stonegate-Queensway (16),11201,16
-8849355.5,5407731.151,80194582,5000613755,2015,2015/04/14 04:00:00+00,115,1,7 INVERLEIGH DR,<Null>,<Null>,Local,Etobicoke York,3,22,43.625903,-79.495113,Mid-Block,At/Near Private Drive,No Control,Clear,"Dark, artificial",Dry,Non-Fatal Injury,Pedestrian Collisions,Pedestrian,25 to 29,Major,<Null>,<Null>,<Null>,<Null>,<Null>,<Null>,<Null>,Other,<Null>,<Null>,<Null>,<Null>,Yes,<Null>,Yes,<Null>,<Null>,<Null>,<Null>,<Null>,<Null>,<Null>,<Null>,<Null>,<Null>,D22,16,Stonegate-Queensway (16),11202,16
-8853795.589,5427376.496,80511163,5000620916,2015,2015/04/15 04:00:00+00,658,6,FINCH AVE W,ARROW RD,125 m East of,Major Arterial,Etobicoke York,7,31,43.753512,-79.534999,Mid-Block,Non Intersection,No Control,Clear,Daylight,Dry,Non-Fatal Injury,Rear End,Driver,25 to 29,None,<Null>,East,"Automobile, Station Wagon",Changing Lanes,Improper Lane Change,Normal,<Null>,<Null>,<Null>,<Null>,<Null>,<Null>,<Null>,<Null>,Yes,<Null>,<Null>,<Null>,Yes,<Null>,<Null>,<Null>,<Null>,<Null>,<Null>,D31,22,Humbermede (22),11203,22
-8853795.589,5427376.496,80511164,5000620916,2015,2015/04/15 04:00:00+00,658,6,FINCH AVE W,ARROW RD,125 m East of,Major Arterial,Etobicoke York,7,31,43.753512,-79.534999,Mid-Block,Non Intersection,No Control,Clear,Daylight,Dry,Non-Fatal Injury,Rear End,Driver,60 to 64,Major,<Null>,East,Other Emergency Vehicle,Changing Lanes,Driving Properly,Normal,<Null>,<Null>,<Null>,<Null>,<Null>,<Null>,<Null>,<Null>,Yes,<Null>,<Null>,<Null>,Yes,<Null>,<Null>,<Null>,<Null>,<Null>,<Null>,D31,22,Humbermede (22),11204,22
-8835407.39,5410754,80511222,5000630061,2015,2015/04/16 04:00:00+00,1540,15,LAKE SHORE BLVD E,LOWER JARVIS ST,<Null>,Major Arterial,Toronto and East York,10,51,43.645556,-79.369815,Intersection,At Intersection,Traffic Signal,Clear,Daylight,Dry,Non-Fatal Injury,Turning Movement,Driver,85 to 89,None,<Null>,West,"Automobile, Station Wagon",Turning Left,Failed to Yield Right of Way,Inattentive,<Null>,<Null>,<Null>,<Null>,<Null>,<Null>,<Null>,<Null>,Yes,<Null>,<Null>,<Null>,<Null>,<Null>,<Null>,Yes,<Null>,<Null>,<Null>,D51,77,Waterfront Communities-The Island (77),11205,77
-8835407.39,5410754,80511223,5000630061,2015,2015/04/16 04:00:00+00,1540,15,LAKE SHORE BLVD E,LOWER JARVIS ST,<Null>,Major Arterial,Toronto and East York,10,51,43.645556,-79.369815,Intersection,At Intersection,Traffic Signal,Clear,Daylight,Dry,Non-Fatal Injury,Turning Movement,Driver,30 to 34,Major,<Null>,East,"Automobile, Station Wagon",Going Ahead,Driving Properly,Normal,<Null>,<Null>,<Null>,<Null>,<Null>,<Null>,<Null>,<Null>,Yes,<Null>,<Null>,<Null>,<Null>,<Null>,<Null>,Yes,<Null>,<Null>,<Null>,D51,77,Waterfront Communities-The Island (77),11206,77
-8840234.871,5430983.919,80511388,5000643015,2015,2015/04/18 04:00:00+00,1724,17,BYNG AVE,DORIS AVE,<Null>,Minor Arterial,North York,18,32,43.776915,-79.413181,Intersection,Non Intersection,Traffic Signal,Clear,Daylight,Dry,Non-Fatal Injury,Turning Movement,Driver,55 to 59,Major,<Null>,South,"Automobile, Station Wagon",Turning Left,Failed to Yield Right of Way,Normal,<Null>,<Null>,<Null>,<Null>,<Null>,<Null>,<Null>,<Null>,Yes,Yes,<Null>,<Null>,<Null>,Yes,Yes,Yes,<Null>,<Null>,<Null>,D32,51,Willowdale East (51),11207,51
-8840234.871,5430983.919,80511389,5000643015,2015,2015/04/18 04:00:00+00,1724,17,BYNG AVE,DORIS AVE,<Null>,Minor Arterial,North York,18,32,43.776915,-79.413181,Intersection,Non Intersection,Traffic Signal,Clear,Daylight,Dry,Non-Fatal Injury,Turning Movement,Motorcycle Driver,20 to 24,None,<Null>,North,Motorcycle,Going Ahead,Exceeding Speed Limit,Normal,<Null>,<Null>,<Null>,<Null>,<Null>,<Null>,<Null>,<Null>,Yes,Yes,<Null>,<Null>,<Null>,Yes,Yes,Yes,<Null>,<Null>,<Null>,D32,51,Willowdale East (51),11208,51
-8840234.871,5430983.919,80511390,5000643015,2015,2015/04/18 04:00:00+00,1724,17,BYNG AVE,DORIS AVE,<Null>,Minor Arterial,North York,18,32,43.776915,-79.413181,Intersection,Non Intersection,Traffic Signal,Clear,Daylight,Dry,Non-Fatal Injury,Turning Movement,Passenger,70 to 74,Minor,<Null>,<Null>,<Null>,<Null>,<Null>,<Null>,<Null>,<Null>,<Null>,<Null>,<Null>,<Null>,<Null>,<Null>,Yes,Yes,<Null>,<Null>,<Null>,Yes,Yes,Yes,<Null>,<Null>,<Null>,D32,51,Willowdale East (51),11209,51
-8832353.34,5413659.962,80496653,5000653521,2015,2015/04/20 04:00:00+00,1405,14,1159 DUNDAS ST E,<Null>,6 m West of,Minor Arterial,Toronto and East York,14,55,43.664443,-79.34238,Mid-Block,Non Intersection,No Control,Clear,Daylight,Dry,Fatal,Pedestrian Collisions,Driver,15 to 19,None,<Null>,East,"Automobile, Station Wagon",Going Ahead,Lost control,Inattentive,<Null>,<Null>,<Null>,<Null>,<Null>,<Null>,Yes,<Null>,Yes,<Null>,<Null>,<Null>,<Null>,Yes,<Null>,Yes,<Null>,<Null>,<Null>,D55,70,South Riverdale (70),11210,70
-8832353.34,5413659.962,80496654,5000653521,2015,2015/04/20 04:00:00+00,1405,14,1159 DUNDAS ST E,<Null>,6 m West of,Minor Arterial,Toronto and East York,14,55,43.664443,-79.34238,Mid-Block,Non Intersection,No Control,Clear,Daylight,Dry,Fatal,Pedestrian Collisions,Driver,60 to 64,None,<Null>,East,Pick Up Truck,Going Ahead,Driving Properly,Normal,<Null>,<Null>,<Null>,<Null>,<Null>,<Null>,Yes,<Null>,Yes,<Null>,<Null>,<Null>,<Null>,Yes,<Null>,Yes,<Null>,<Null>,<Null>,D55,70,South Riverdale (70),11211,70
-8832353.34,5413659.962,80496655,5000653521,2015,2015/04/20 04:00:00+00,1405,14,1159 DUNDAS ST E,<Null>,6 m West of,Minor Arterial,Toronto and East York,14,55,43.664443,-79.34238,Mid-Block,Non Intersection,No Control,Clear,Daylight,Dry,Fatal,Pedestrian Collisions,Passenger,15 to 19,None,<Null>,<Null>,<Null>,<Null>,<Null>,<Null>,<Null>,<Null>,<Null>,<Null>,<Null>,<Null>,Yes,<Null>,Yes,<Null>,<Null>,<Null>,<Null>,Yes,<Null>,Yes,<Null>,<Null>,<Null>,D55,70,South Riverdale (70),11212,70
-8832353.34,5413659.962,80496656,5000653521,2015,2015/04/20 04:00:00+00,1405,14,1159 DUNDAS ST E,<Null>,6 m West of,Minor Arterial,Toronto and East York,14,55,43.664443,-79.34238,Mid-Block,Non Intersection,No Control,Clear,Daylight,Dry,Fatal,Pedestrian Collisions,Pedestrian,30 to 34,Fatal,19,Unknown,<Null>,<Null>,<Null>,<Null>,Pedestrian hit on sidewalk or shoulder,On Sidewalk or Shoulder,Normal,<Null>,<Null>,<Null>,Yes,<Null>,Yes,<Null>,<Null>,<Null>,<Null>,Yes,<Null>,Yes,<Null>,<Null>,<Null>,D55,70,South Riverdale (70),11213,70
-8827595.545,5434621.597,80496663,5000656009,2015,2015/04/20 04:00:00+00,2123,21,FINCH AVE E,WAYSIDE AVE,10 m East of,Major Arterial,Scarborough,22,42,43.800505,-79.29964,Intersection,Intersection Related,Traffic Signal,Clear,"Dark, artificial",Dry,Non-Fatal Injury,Rear End,Driver,35 to 39,Major,<Null>,West,Passenger Van,Going Ahead,Lost control,Normal,<Null>,<Null>,<Null>,<Null>,<Null>,<Null>,<Null>,<Null>,Yes,<Null>,<Null>,<Null>,<Null>,Yes,Yes,Yes,<Null>,Yes,<Null>,D42,117,L'Amoreaux (117),11214,117
-8827595.545,5434621.597,80496664,5000656009,2015,2015/04/20 04:00:00+00,2123,21,FINCH AVE E,WAYSIDE AVE,10 m East of,Major Arterial,Scarborough,22,42,43.800505,-79.29964,Intersection,Intersection Related,Traffic Signal,Clear,"Dark, artificial",Dry,Non-Fatal Injury,Rear End,Driver,50 to 54,Minimal,<Null>,West,"Automobile, Station Wagon",Going Ahead,Other,"Ability Impaired, Alcohol Over .08",<Null>,<Null>,<Null>,<Null>,<Null>,<Null>,<Null>,<Null>,Yes,<Null>,<Null>,<Null>,<Null>,Yes,Yes,Yes,<Null>,Yes,<Null>,D42,117,L'Amoreaux (117),11215,117
-8827595.545,5434621.597,80496665,5000656009,2015,2015/04/20 04:00:00+00,2123,21,FINCH AVE E,WAYSIDE AVE,10 m East of,Major Arterial,Scarborough,22,42,43.800505,-79.29964,Intersection,Intersection Related,Traffic Signal,Clear,"Dark, artificial",Dry,Non-Fatal Injury,Rear End,Passenger,20 to 24,None,<Null>,<Null>,<Null>,<Null>,<Null>,<Null>,<Null>,<Null>,<Null>,<Null>,<Null>,<Null>,<Null>,<Null>,Yes,<Null>,<Null>,<Null>,<Null>,Yes,Yes,Yes,<Null>,Yes,<Null>,D42,117,L'Amoreaux (117),11216,117
-8827595.545,5434621.597,80496666,5000656009,2015,2015/04/20 04:00:00+00,2123,21,FINCH AVE E,WAYSIDE AVE,10 m East of,Major Arterial,Scarborough,22,42,43.800505,-79.29964,Intersection,Intersection Related,Traffic Signal,Clear,"Dark, artificial",Dry,Non-Fatal Injury,Rear End,Passenger,50 to 54,Minimal,<Null>,<Null>,<Null>,<Null>,<Null>,<Null>,<Null>,<Null>,<Null>,<Null>,<Null>,<Null>,<Null>,<Null>,Yes,<Null>,<Null>,<Null>,<Null>,Yes,Yes,Yes,<Null>,Yes,<Null>,D42,117,L'Amoreaux (117),11217,117
-8827595.545,5434621.597,80496667,5000656009,2015,2015/04/20 04:00:00+00,2123,21,FINCH AVE E,WAYSIDE AVE,10 m East of,Major Arterial,Scarborough,22,42,43.800505,-79.29964,Intersection,Intersection Related,Traffic Signal,Clear,"Dark, artificial",Dry,Non-Fatal Injury,Rear End,Passenger,15 to 19,Minimal,<Null>,<Null>,<Null>,<Null>,<Null>,<Null>,<Null>,<Null>,<Null>,<Null>,<Null>,<Null>,<Null>,<Null>,Yes,<Null>,<Null>,<Null>,<Null>,Yes,Yes,Yes,<Null>,Yes,<Null>,D42,117,L'Amoreaux (117),11218,117
-8827970.914,5433655.676,80565533,5000666173,2015,2015/04/22 04:00:00+00,1402,14,3 RAINIER SQ,<Null>,4 m South of,Local,Scarborough,22,42,43.794242,-79.303012,Intersection,Private Driveway,Stop Sign,Clear,Daylight,Dry,Non-Fatal Injury,SMV Other,Passenger,15 to 19,Major,<Null>,<Null>,<Null>,<Null>,<Null>,<Null>,<Null>,<Null>,<Null>,<Null>,<Null>,<Null>,<Null>,<Null>,Yes,<Null>,<Null>,<Null>,<Null>,Yes,Yes,Yes,<Null>,<Null>,<Null>,D42,117,L'Amoreaux (117),11219,117
-8846293.768,5414903.28,80247472,5001379991,2015,2015/08/12 04:00:00+00,2307,23,ST CLAIR AVE W,KEELE ST,<Null>,Major Arterial,Etobicoke York,5,"12,11",43.672522,-79.467609,Intersection,At Intersection,Traffic Signal,Clear,"Dark, artificial",Dry,Non-Fatal Injury,Pedestrian Collisions,Pedestrian,15 to 19,Major,<Null>,Unknown,<Null>,<Null>,<Null>,<Null>,Vehicle is going straight thru inter.while ped cross without ROW,Crossing without right of way,Inattentive,<Null>,<Null>,<Null>,Yes,<Null>,Yes,<Null>,<Null>,<Null>,<Null>,<Null>,<Null>,Yes,<Null>,<Null>,<Null>,D11,90,Junction Area (90),11220,90
-8827970.914,5433655.676,80565534,5000666173,2015,2015/04/22 04:00:00+00,1402,14,3 RAINIER SQ,<Null>,4 m South of,Local,Scarborough,22,42,43.794242,-79.303012,Intersection,Private Driveway,Stop Sign,Clear,Daylight,Dry,Non-Fatal Injury,SMV Other,Passenger,15 to 19,None,<Null>,<Null>,<Null>,<Null>,<Null>,<Null>,<Null>,<Null>,<Null>,<Null>,<Null>,<Null>,<Null>,<Null>,Yes,<Null>,<Null>,<Null>,<Null>,Yes,Yes,Yes,<Null>,<Null>,<Null>,D42,117,L'Amoreaux (117),11221,117
-8842152.572,5413119.843,80000141,5000912141,2015,2015/05/31 04:00:00+00,2104,21,BLOOR ST W,WESTMORELAND AVE,<Null>,Major Arterial,Toronto and East York,9,14,43.660933,-79.430408,Intersection,<Null>,No Control,Rain,Dusk,Wet,Fatal,Pedestrian Collisions,Pedestrian,35 to 39,Fatal,25,South,<Null>,<Null>,<Null>,<Null>,Pedestrian hit at mid-block,"Crossing, no Traffic Control",Normal,<Null>,<Null>,<Null>,Yes,<Null>,Yes,<Null>,<Null>,<Null>,<Null>,<Null>,Yes,Yes,<Null>,<Null>,<Null>,D14,83,Dufferin Grove (83),11222,83
-8844395.548,5409774.577,80489687,5001649654,2015,2015/09/24 04:00:00+00,636,6,THE QUEENSWAY,GLENDALE AVE,57 m East of,Major Arterial,Toronto and East York,4,11,43.639189,-79.450557,Mid-Block,At Intersection,No Control,Clear,"Dark, artificial",Dry,Fatal,Pedestrian Collisions,Pedestrian,75 to 79,Fatal,51,North,<Null>,<Null>,<Null>,<Null>,Pedestrian hit at mid-block,"Crossing, no Traffic Control",Normal,<Null>,<Null>,<Null>,Yes,<Null>,Yes,<Null>,<Null>,<Null>,<Null>,<Null>,<Null>,<Null>,<Null>,<Null>,<Null>,D11,87,High Park-Swansea (87),11223,87
-8846300.559,5416344.1,80247765,5001401225,2015,2015/08/15 04:00:00+00,1047,10,OLD WESTON RD,ROGERS RD,<Null>,Minor Arterial,Etobicoke York,"5,9",12,43.681883,-79.46767,Intersection,At Intersection,Traffic Signal,Clear,Daylight,Dry,Non-Fatal Injury,Approaching,Driver,60 to 64,Major,<Null>,South,"Automobile, Station Wagon",Going Ahead,Lost control,Medical or Physical Disability,<Null>,<Null>,<Null>,<Null>,<Null>,<Null>,<Null>,<Null>,Yes,<Null>,<Null>,<Null>,<Null>,Yes,<Null>,<Null>,<Null>,<Null>,Yes,D12,110,Keelesdale-Eglinton West (110),11229,110