X,Y,INDEX_,ACCNUM,YEAR,DATE,TIME,HOUR,STREET1,STREET2,OFFSET,ROAD_CLASS,DISTRICT,WARDNUM,DIVISION,LATITUDE,LONGITUDE,LOCCOORD,ACCLOC,TRAFFCTL,VISIBILITY,LIGHT,RDSFCOND,ACCLASS,IMPACTYPE,INVTYPE,INVAGE,INJURY,FATAL_NO,INITDIR,VEHTYPE,MANOEUVER,DRIVACT,DRIVCOND,PEDTYPE,PEDACT,PEDCOND,CYCLISTYPE,CYCACT,CYCCOND,PEDESTRIAN,CYCLIST,AUTOMOBILE,MOTORCYCLE,TRUCK,TRSN_CITY_VEH,EMERG_VEH,PASSENGER,SPEEDING,AG_DRIV,REDLIGHT,ALCOHOL,DISABILITY,POLICE_DIVISION,HOOD_ID,NEIGHBOURHOOD,ObjectId,VEHICLES_IN_STREET
-8847137.125,5414645.646,80226922,5000006695,2015,2015/01/02 05:00:00+00,949,9,2211 ST CLAIR AVE W,<Null>,23 m East of,Major Arterial,Etobicoke York,5,"12,11",43.670848,-79.475185,Intersection,Non Intersection,No Control,Clear,Daylight,Dry,Non-Fatal Injury,Turning Movement,Truck Driver,30 to 34,None,<Null>,West,"Truck - Closed (Blazer, etc)",Going Ahead,Driving Properly,Normal,<Null>,<Null>,<Null>,<Null>,<Null>,<Null>,<Null>,<Null>,Yes,<Null>,Yes,<Null>,<Null>,<Null>,<Null>,<Null>,<Null>,<Null>,<Null>,D11,90,Junction Area (90),11471,90
-8821852.572,5424774.195,80632022,5000931328,2015,2015/06/03 04:00:00+00,2001,20,BRIMLEY RD,EGLINTON AVE E,<Null>,Major Arterial,Scarborough,"21,20","41,43",43.736624,-79.24805,Intersection,At Intersection,Traffic Signal,Clear,"Dawn, artificial",Dry,Non-Fatal Injury,Pedestrian Collisions,Pedestrian,25 to 29,Major,<Null>,South,<Null>,<Null>,<Null>,<Null>,Vehicle turns left while ped crosses with ROW at inter.,Crossing with right of way,Normal,<Null>,<Null>,<Null>,Yes,<Null>,Yes,<Null>,<Null>,<Null>,<Null>,<Null>,<Null>,Yes,<Null>,<Null>,<Null>,D41,138,Eglinton East (138),11472,138
-8856763.923,5410806.304,80489774,5001661734,2015,2015/09/26 04:00:00+00,1,0,BURNHAMTHORPE RD,427 C N BURNHAMTHORPE RAMP,<Null>,Major Arterial,Etobicoke York,2,22,43.645896,-79.561664,Intersection,At Intersection,Traffic Signal,Clear,"Dark, artificial",Dry,Fatal,Turning Movement,Driver,30 to 34,Fatal,47,East,"Automobile, Station Wagon",Going Ahead,Disobeyed Traffic Control,"Ability Impaired, Alcohol",<Null>,<Null>,<Null>,<Null>,<Null>,<Null>,<Null>,<Null>,Yes,<Null>,<Null>,<Null>,<Null>,<Null>,Yes,Yes,Yes,Yes,<Null>,D22,14,Islington-City Centre West (14),11475,14
-8856763.923,5410806.304,80489775,5001661734,2015,2015/09/26 04:00:00+00,1,0,BURNHAMTHORPE RD,427 C N BURNHAMTHORPE RAMP,<Null>,Major Arterial,Etobicoke York,2,22,43.645896,-79.561664,Intersection,At Intersection,Traffic Signal,Clear,"Dark, artificial",Dry,Fatal,Turning Movement,Driver,20 to 24,Major,<Null>,North,"Automobile, Station Wagon",Turning Left,Driving Properly,Normal,<Null>,<Null>,<Null>,<Null>,<Null>,<Null>,<Null>,<Null>,Yes,<Null>,<Null>,<Null>,<Null>,<Null>,Yes,Yes,Yes,Yes,<Null>,D22,14,Islington-City Centre West (14),11476,14
-8826022.6,5417877.979,80489799,5001665605,2015,2015/09/26 04:00:00+00,1718,17,DANFORTH AVE,ST DUNSTAN DR,<Null>,Major Arterial,Scarborough,20,41,43.691847,-79.28551,Intersection,Intersection Related,No Control,Clear,Daylight,Dry,Non-Fatal Injury,Turning Movement,Driver,50 to 54,Minimal,<Null>,East,"Automobile, Station Wagon",Turning Left,Improper Turn,Inattentive,<Null>,<Null>,<Null>,<Null>,<Null>,<Null>,<Null>,<Null>,Yes,Yes,<Null>,<Null>,<Null>,Yes,<Null>,Yes,<Null>,<Null>,<Null>,D41,121,Oakridge (121),11477,121
-8826022.6,5417877.979,80489800,5001665605,2015,2015/09/26 04:00:00+00,1718,17,DANFORTH AVE,ST DUNSTAN DR,<Null>,Major Arterial,Scarborough,20,41,43.691847,-79.28551,Intersection,Intersection Related,No Control,Clear,Daylight,Dry,Non-Fatal Injury,Turning Movement,Motorcycle Driver,30 to 34,Major,<Null>,West,Motorcycle,Changing Lanes,Improper Lane Change,Inattentive,<Null>,<Null>,<Null>,<Null>,<Null>,<Null>,<Null>,<Null>,Yes,Yes,<Null>,<Null>,<Null>,Yes,<Null>,Yes,<Null>,<Null>,<Null>,D41,121,Oakridge (121),11478,121
-8826022.6,5417877.979,80489801,5001665605,2015,2015/09/26 04:00:00+00,1718,17,DANFORTH AVE,ST DUNSTAN DR,<Null>,Major Arterial,Scarborough,20,41,43.691847,-79.28551,Intersection,Intersection Related,No Control,Clear,Daylight,Dry,Non-Fatal Injury,Turning Movement,Passenger,50 to 54,Minor,<Null>,<Null>,<Null>,<Null>,<Null>,<Null>,<Null>,<Null>,<Null>,<Null>,<Null>,<Null>,<Null>,<Null>,Yes,Yes,<Null>,<Null>,<Null>,Yes,<Null>,Yes,<Null>,<Null>,<Null>,D41,121,Oakridge (121),11479,121
-8845869.085,5413536.701,80251560,5001667907,2015,2015/09/27 04:00:00+00,54,0,KEELE ST,ANNETTE ST,9 m South of,Major Arterial,Toronto and East York,4,11,43.663642,-79.463794,Intersection,Intersection Related,Traffic Signal,Clear,"Dark, artificial",Dry,Non-Fatal Injury,Cyclist Collisions,Cyclist,25 to 29,Major,<Null>,South,Bicycle,Going Ahead,<Null>,<Null>,<Null>,<Null>,<Null>,"Cyclist without ROW rides into path of motorist at inter, lnwy, dwy-Cyclist not turn.",Disobeyed Traffic Control,Normal,<Null>,Yes,<Null>,<Null>,<Null>,Yes,<Null>,<Null>,<Null>,<Null>,<Null>,<Null>,<Null>,D11,90,Junction Area (90),11480,90
-8845869.085,5413536.701,80251561,5001667907,2015,2015/09/27 04:00:00+00,54,0,KEELE ST,ANNETTE ST,9 m South of,Major Arterial,Toronto and East York,4,11,43.663642,-79.463794,Intersection,Intersection Related,Traffic Signal,Clear,"Dark, artificial",Dry,Non-Fatal Injury,Cyclist Collisions,Driver,35 to 39,None,<Null>,South,Municipal Transit Bus (TTC),Turning Right,Driving Properly,Normal,<Null>,<Null>,<Null>,<Null>,<Null>,<Null>,<Null>,Yes,<Null>,<Null>,<Null>,Yes,<Null>,<Null>,<Null>,<Null>,<Null>,<Null>,<Null>,D11,90,Junction Area (90),11481,90
-8836078.313,5413972.815,80251602,5001670080,2015,2015/09/27 04:00:00+00,1220,12,HOMEWOOD AVE,WELLESLEY ST E,<Null>,Minor Arterial,Toronto and East York,13,51,43.666476,-79.375842,Intersection,At Intersection,Traffic Signal,Clear,Daylight,Dry,Non-Fatal Injury,Cyclist Collisions,Driver,40 to 44,None,<Null>,South,"Automobile, Station Wagon",Turning Right,Failed to Yield Right of Way,Inattentive,<Null>,<Null>,<Null>,<Null>,<Null>,<Null>,<Null>,Yes,Yes,<Null>,<Null>,<Null>,<Null>,<Null>,<Null>,Yes,<Null>,<Null>,<Null>,D51,71,Cabbagetown-South St.James Town (71),11482,71
-8836078.313,5413972.815,80251603,5001670080,2015,2015/09/27 04:00:00+00,1220,12,HOMEWOOD AVE,WELLESLEY ST E,<Null>,Minor Arterial,Toronto and East York,13,51,43.666476,-79.375842,Intersection,At Intersection,Traffic Signal,Clear,Daylight,Dry,Non-Fatal Injury,Cyclist Collisions,Cyclist,25 to 29,Major,<Null>,East,Bicycle,Going Ahead,<Null>,<Null>,<Null>,<Null>,<Null>,Motorist turning right on red at signalized intersection strikes cyclist.,Driving Properly,Normal,<Null>,Yes,Yes,<Null>,<Null>,<Null>,<Null>,<Null>,<Null>,Yes,<Null>,<Null>,<Null>,D51,71,Cabbagetown-South St.James Town (71),11483,71
-8823716.84,5418972.818,80251660,5001672708,2015,2015/09/27 04:00:00+00,2136,21,336 BIRCHMOUNT RD,<Null>,3 m South of,Minor Arterial,Scarborough,20,41,43.698958,-79.264797,Mid-Block,Non Intersection,No Control,Clear,"Dark, artificial",Dry,Non-Fatal Injury,Cyclist Collisions,Driver,65 to 69,None,<Null>,South,"Automobile, Station Wagon",Going Ahead,Following too Close,Inattentive,<Null>,<Null>,<Null>,<Null>,<Null>,<Null>,<Null>,Yes,Yes,<Null>,<Null>,<Null>,<Null>,<Null>,<Null>,Yes,<Null>,<Null>,<Null>,D41,122,Birchcliffe-Cliffside (122),11484,122
-8823716.84,5418972.818,80251661,5001672708,2015,2015/09/27 04:00:00+00,2136,21,336 BIRCHMOUNT RD,<Null>,3 m South of,Minor Arterial,Scarborough,20,41,43.698958,-79.264797,Mid-Block,Non Intersection,No Control,Clear,"Dark, artificial",Dry,Non-Fatal Injury,Cyclist Collisions,Cyclist,35 to 39,Major,<Null>,South,Bicycle,Stopped,<Null>,<Null>,<Null>,<Null>,<Null>,Cyclist and Driver travelling in same direction. One vehicle rear-ended the other.,Driving Properly,Normal,<Null>,Yes,Yes,<Null>,<Null>,<Null>,<Null>,<Null>,<Null>,Yes,<Null>,<Null>,<Null>,D41,122,Birchcliffe-Cliffside (122),11485,122
-8841386.471,5412444.815,80251725,5001677716,2015,2015/09/28 04:00:00+00,1755,17,OSSINGTON AVE,DEWSON ST,42 m South of,Minor Arterial,Toronto and East York,"9,11",14,43.656546,-79.423526,Mid-Block,Non Intersection,No Control,Clear,Daylight,Dry,Non-Fatal Injury,Pedestrian Collisions,Driver,40 to 44,None,<Null>,South,"Automobile, Station Wagon",Going Ahead,Driving Properly,Normal,<Null>,<Null>,<Null>,<Null>,<Null>,<Null>,Yes,<Null>,Yes,<Null>,<Null>,<Null>,<Null>,<Null>,<Null>,<Null>,<Null>,<Null>,<Null>,D14,80,Palmerston-Little Italy (80),11486,80
-8841386.471,5412444.815,80251726,5001677716,2015,2015/09/28 04:00:00+00,1755,17,OSSINGTON AVE,DEWSON ST,42 m South of,Minor Arterial,Toronto and East York,"9,11",14,43.656546,-79.423526,Mid-Block,Non Intersection,No Control,Clear,Daylight,Dry,Non-Fatal Injury,Pedestrian Collisions,Pedestrian,5 to 9,Major,<Null>,East,<Null>,<Null>,<Null>,<Null>,Pedestrian hit at mid-block,Running onto Roadway,Inattentive,<Null>,<Null>,<Null>,Yes,<Null>,Yes,<Null>,<Null>,<Null>,<Null>,<Null>,<Null>,<Null>,<Null>,<Null>,<Null>,D14,80,Palmerston-Little Italy (80),11487,80
-8833929.624,5412570.523,80489923,5001682517,2015,2015/09/29 04:00:00+00,1325,13,RIVER ST,QUEEN ST E,33 m East of,Major Arterial,Toronto and East York,13,51,43.657363,-79.35654,Intersection,At Intersection,Traffic Signal,Other,Daylight,Other,Non-Fatal Injury,Turning Movement,Driver,25 to 29,None,<Null>,North,"Automobile, Station Wagon",Turning Right,Failed to Yield Right of Way,Unknown,<Null>,<Null>,<Null>,<Null>,<Null>,<Null>,<Null>,<Null>,Yes,<Null>,<Null>,<Null>,<Null>,Yes,<Null>,Yes,<Null>,<Null>,<Null>,D51,73,Moss Park (73),11488,73
-8833929.624,5412570.523,80489924,5001682517,2015,2015/09/29 04:00:00+00,1325,13,RIVER ST,QUEEN ST E,33 m East of,Major Arterial,Toronto and East York,13,51,43.657363,-79.35654,Intersection,At Intersection,Traffic Signal,Other,Daylight,Other,Non-Fatal Injury,Turning Movement,Driver,65 to 69,Major,<Null>,Unknown,"Automobile, Station Wagon",Going Ahead,Driving Properly,Unknown,<Null>,<Null>,<Null>,<Null>,<Null>,<Null>,<Null>,<Null>,Yes,<Null>,<Null>,<Null>,<Null>,Yes,<Null>,Yes,<Null>,<Null>,<Null>,D51,73,Moss Park (73),11489,73
-8833929.624,5412570.523,80489925,5001682517,2015,2015/09/29 04:00:00+00,1325,13,RIVER ST,QUEEN ST E,33 m East of,Major Arterial,Toronto and East York,13,51,43.657363,-79.35654,Intersection,At Intersection,Traffic Signal,Other,Daylight,Other,Non-Fatal Injury,Turning Movement,Passenger,55 to 59,Major,<Null>,<Null>,<Null>,<Null>,<Null>,<Null>,<Null>,<Null>,<Null>,<Null>,<Null>,<Null>,<Null>,<Null>,Yes,<Null>,<Null>,<Null>,<Null>,Yes,<Null>,Yes,<Null>,<Null>,<Null>,D51,73,Moss Park (73),11490,73
-8820054.651,5432060.886,80251820,5001684106,2015,2015/09/29 04:00:00+00,1520,15,939 PROGRESS AVE,<Null>,4 m North of,Minor Arterial,Scarborough,24,43,43.7839,-79.231899,Intersection,At Intersection,Traffic Signal,Rain,Daylight,Wet,Non-Fatal Injury,Cyclist Collisions,Driver,35 to 39,None,<Null>,South,"Automobile, Station Wagon",Turning Left,Failed to Yield Right of Way,Inattentive,<Null>,<Null>,<Null>,<Null>,<Null>,<Null>,<Null>,Yes,Yes,<Null>,<Null>,<Null>,<Null>,<Null>,<Null>,Yes,<Null>,<Null>,<Null>,D43,137,Woburn (137),11491,137
-8820054.651,5432060.886,80251821,5001684106,2015,2015/09/29 04:00:00+00,1520,15,939 PROGRESS AVE,<Null>,4 m North of,Minor Arterial,Scarborough,24,43,43.7839,-79.231899,Intersection,At Intersection,Traffic Signal,Rain,Daylight,Wet,Non-Fatal Injury,Cyclist Collisions,Cyclist,15 to 19,Major,<Null>,North,Bicycle,Going Ahead,<Null>,<Null>,<Null>,<Null>,<Null>,Motorist turned left across cyclists path.,Driving Properly,Normal,<Null>,Yes,Yes,<Null>,<Null>,<Null>,<Null>,<Null>,<Null>,Yes,<Null>,<Null>,<Null>,D43,137,Woburn (137),11492,137
-8840941.416,5411370.289,80489943,5001686563,2015,2015/09/30 04:00:00+00,733,7,DUNDAS ST W,ROXTON RD,60 m East of,Major Arterial,Toronto and East York,"11,10",14,43.649562,-79.419528,Intersection,Non Intersection,No Control,Clear,Daylight,Dry,Non-Fatal Injury,Sideswipe,Driver,30 to 34,None,<Null>,East,"Automobile, Station Wagon",Changing Lanes,Improper Lane Change,Inattentive,<Null>,<Null>,<Null>,<Null>,<Null>,<Null>,<Null>,<Null>,Yes,Yes,<Null>,<Null>,<Null>,<Null>,<Null>,<Null>,<Null>,<Null>,<Null>,D14,81,Trinity-Bellwoods (81),11493,81
-8840941.416,5411370.289,80489944,5001686563,2015,2015/09/30 04:00:00+00,733,7,DUNDAS ST W,ROXTON RD,60 m East of,Major Arterial,Toronto and East York,"11,10",14,43.649562,-79.419528,Intersection,Non Intersection,No Control,Clear,Daylight,Dry,Non-Fatal Injury,Sideswipe,Motorcycle Driver,35 to 39,Major,<Null>,East,Motorcycle,Going Ahead,Driving Properly,Normal,<Null>,<Null>,<Null>,<Null>,<Null>,<Null>,<Null>,<Null>,Yes,Yes,<Null>,<Null>,<Null>,<Null>,<Null>,<Null>,<Null>,<Null>,<Null>,D14,81,Trinity-Bellwoods (81),11494,81
-8846722.682,5423690.53,80489964,5001691895,2015,2015/09/30 04:00:00+00,2355,23,WILSON AVE,MURRAY RD,<Null>,Major Arterial,North York,6,32,43.72959,-79.471462,Intersection,At Intersection,No Control,Clear,"Dark, artificial",Dry,Fatal,Turning Movement,Motorcycle Driver,30 to 34,None,<Null>,West,Motorcycle,Going Ahead,Exceeding Speed Limit,Unknown,<Null>,<Null>,<Null>,<Null>,<Null>,<Null>,<Null>,<Null>,Yes,Yes,<Null>,<Null>,<Null>,Yes,Yes,Yes,<Null>,<Null>,<Null>,D32,26,Downsview-Roding-CFB (26),11495,26
-8846722.682,5423690.53,80489965,5001691895,2015,2015/09/30 04:00:00+00,2355,23,WILSON AVE,MURRAY RD,<Null>,Major Arterial,North York,6,32,43.72959,-79.471462,Intersection,At Intersection,No Control,Clear,"Dark, artificial",Dry,Fatal,Turning Movement,Driver,50 to 54,Minor,<Null>,East,"Automobile, Station Wagon",Turning Left,Driving Properly,Normal,<Null>,<Null>,<Null>,<Null>,<Null>,<Null>,<Null>,<Null>,Yes,Yes,<Null>,<Null>,<Null>,Yes,Yes,Yes,<Null>,<Null>,<Null>,D32,26,Downsview-Roding-CFB (26),11496,26
-8846722.682,5423690.53,80489966,5001691895,2015,2015/09/30 04:00:00+00,2355,23,WILSON AVE,MURRAY RD,<Null>,Major Arterial,North York,6,32,43.72959,-79.471462,Intersection,At Intersection,No Control,Clear,"Dark, artificial",Dry,Fatal,Turning Movement,Motorcycle Passenger,20 to 24,Fatal,46,<Null>,<Null>,<Null>,<Null>,<Null>,<Null>,<Null>,<Null>,<Null>,<Null>,<Null>,<Null>,<Null>,Yes,Yes,<Null>,<Null>,<Null>,Yes,Yes,Yes,<Null>,<Null>,<Null>,D32,26,Downsview-Roding-CFB (26),11497,26
-8835136.439,5413415.75,80496212,5002232122,2015,2015/10/01 04:00:00+00,1212,12,PARLIAMENT ST,SPRUCE ST,500 m North of,Minor Arterial,Toronto and East York,13,51,43.662856,-79.367381,Mid-Block,Non Intersection,No Control,Clear,Daylight,Dry,Non-Fatal Injury,Cyclist Collisions,Driver,unknown,None,<Null>,North,"Automobile, Station Wagon",Stopped,Other,Inattentive,<Null>,<Null>,<Null>,<Null>,<Null>,<Null>,<Null>,Yes,Yes,<Null>,<Null>,<Null>,<Null>,<Null>,<Null>,<Null>,<Null>,<Null>,<Null>,D51,71,Cabbagetown-South St.James Town (71),11498,71
-8835136.439,5413415.75,80496213,5002232122,2015,2015/10/01 04:00:00+00,1212,12,PARLIAMENT ST,SPRUCE ST,500 m North of,Minor Arterial,Toronto and East York,13,51,43.662856,-79.367381,Mid-Block,Non Intersection,No Control,Clear,Daylight,Dry,Non-Fatal Injury,Cyclist Collisions,Cyclist,60 to 64,Major,<Null>,North,Bicycle,Overtaking,<Null>,<Null>,<Null>,<Null>,<Null>,Cyclist struck opened vehicle door,Driving Properly,Normal,<Null>,Yes,Yes,<Null>,<Null>,<Null>,<Null>,<Null>,<Null>,<Null>,<Null>,<Null>,<Null>,D51,71,Cabbagetown-South St.James Town (71),11499,71
-8847735.801,5412073.855,80252015,5001696184,2015,2015/10/01 04:00:00+00,1702,17,DURIE ST,COLBECK ST,2 m North of,Collector,Toronto and East York,4,11,43.654135,-79.480563,Intersection,At Intersection,Stop Sign,Clear,Daylight,Dry,Non-Fatal Injury,Pedestrian Collisions,Driver,25 to 29,None,<Null>,West,Pick Up Truck,Turning Left,Failed to Yield Right of Way,Normal,<Null>,<Null>,<Null>,<Null>,<Null>,<Null>,Yes,<Null>,Yes,<Null>,<Null>,<Null>,<Null>,<Null>,<Null>,Yes,<Null>,<Null>,<Null>,D11,89,Runnymede-Bloor West Village (89),11500,89
-8847735.801,5412073.855,80252016,5001696184,2015,2015/10/01 04:00:00+00,1702,17,DURIE ST,COLBECK ST,2 m North of,Collector,Toronto and East York,4,11,43.654135,-79.480563,Intersection,At Intersection,Stop Sign,Clear,Daylight,Dry,Non-Fatal Injury,Pedestrian Collisions,Pedestrian,75 to 79,Major,<Null>,North,<Null>,<Null>,<Null>,<Null>,Vehicle turns left while ped crosses with ROW at inter.,Crossing with right of way,Normal,<Null>,<Null>,<Null>,Yes,<Null>,Yes,<Null>,<Null>,<Null>,<Null>,<Null>,<Null>,Yes,<Null>,<Null>,<Null>,D11,89,Runnymede-Bloor West Village (89),11501,89
-8854436.789,5411544.598,80490006,5001705355,2015,2015/10/03 04:00:00+00,351,3,BURNHAMTHORPE RD,PRENNAN AVE,1 m East of,Major Arterial,Etobicoke York,2,22,43.650695,-79.540759,Intersection,Non Intersection,No Control,Clear,Dark,Dry,Fatal,SMV Other,Driver,35 to 39,Major,<Null>,West,"Automobile, Station Wagon",Going Ahead,Speed too Fast For Condition,Had Been Drinking,<Null>,<Null>,<Null>,<Null>,<Null>,<Null>,<Null>,<Null>,Yes,<Null>,<Null>,<Null>,<Null>,Yes,Yes,Yes,<Null>,<Null>,<Null>,D22,14,Islington-City Centre West (14),11502,14
-8854436.789,5411544.598,80490007,5001705355,2015,2015/10/03 04:00:00+00,351,3,BURNHAMTHORPE RD,PRENNAN AVE,1 m East of,Major Arterial,Etobicoke York,2,22,43.650695,-79.540759,Intersection,Non Intersection,No Control,Clear,Dark,Dry,Fatal,SMV Other,Passenger,40 to 44,Fatal,48,<Null>,<Null>,<Null>,<Null>,<Null>,<Null>,<Null>,<Null>,<Null>,<Null>,<Null>,<Null>,<Null>,Yes,<Null>,<Null>,<Null>,<Null>,Yes,Yes,Yes,<Null>,<Null>,<Null>,D22,14,Islington-City Centre West (14),11503,14
-8852324.613,5413586.559,80252198,5001711803,2015,2015/10/04 04:00:00+00,910,9,THE KINGSWAY,ANGLESEY BLVD,<Null>,Collector,Etobicoke York,2,22,43.663966,-79.521785,Intersection,At Intersection,Stop Sign,Clear,Daylight,Dry,Non-Fatal Injury,Cyclist Collisions,Cyclist,45 to 49,Major,<Null>,East,Bicycle,Going Ahead,<Null>,<Null>,<Null>,<Null>,<Null>,"Cyclist without ROW rides into path of motorist at inter, lnwy, dwy-Cyclist not turn.",Disobeyed Traffic Control,Inattentive,<Null>,Yes,Yes,<Null>,<Null>,<Null>,<Null>,<Null>,<Null>,<Null>,<Null>,<Null>,<Null>,D22,9,Edenbridge-Humber Valley (9),11504,9
-8852324.613,5413586.559,80252199,5001711803,2015,2015/10/04 04:00:00+00,910,9,THE KINGSWAY,ANGLESEY BLVD,<Null>,Collector,Etobicoke York,2,22,43.663966,-79.521785,Intersection,At Intersection,Stop Sign,Clear,Daylight,Dry,Non-Fatal Injury,Cyclist Collisions,Driver,30 to 34,None,<Null>,North,"Automobile, Station Wagon",Going Ahead,Driving Properly,Normal,<Null>,<Null>,<Null>,<Null>,<Null>,<Null>,<Null>,Yes,Yes,<Null>,<Null>,<Null>,<Null>,<Null>,<Null>,<Null>,<Null>,<Null>,<Null>,D22,9,Edenbridge-Humber Valley (9),11505,9
-8839763.433,5412393.271,80252218,5001713235,2015,2015/10/04 04:00:00+00,1453,14,COLLEGE ST,MARKHAM ST,<Null>,Major Arterial,Toronto and East York,11,14,43.656211,-79.408946,Intersection,At Intersection,Stop Sign,Clear,"Dark, artificial",Dry,Non-Fatal Injury,Cyclist Collisions,Driver,30 to 34,None,<Null>,East,"Automobile, Station Wagon",Going Ahead,Improper Passing,Unknown,<Null>,<Null>,<Null>,<Null>,<Null>,<Null>,<Null>,Yes,Yes,<Null>,<Null>,<Null>,<Null>,<Null>,Yes,Yes,<Null>,<Null>,<Null>,D14,81,Trinity-Bellwoods (81),11506,81
-8839763.433,5412393.271,80252219,5001713235,2015,2015/10/04 04:00:00+00,1453,14,COLLEGE ST,MARKHAM ST,<Null>,Major Arterial,Toronto and East York,11,14,43.656211,-79.408946,Intersection,At Intersection,Stop Sign,Clear,"Dark, artificial",Dry,Non-Fatal Injury,Cyclist Collisions,Cyclist,50 to 54,Major,<Null>,East,Bicycle,Going Ahead,<Null>,<Null>,<Null>,<Null>,<Null>,Cyclist and Driver travelling in same direction. One vehicle rear-ended the other.,Driving Properly,Normal,<Null>,Yes,Yes,<Null>,<Null>,<Null>,<Null>,<Null>,Yes,Yes,<Null>,<Null>,<Null>,D14,81,Trinity-Bellwoods (81),11507,81
-8816600.519,5435339.433,80490055,5001722553,2015,2015/10/06 04:00:00+00,621,6,MORNINGSIDE AVE,SHEPPARD AVE E,358 m North of,Major Arterial,Scarborough,25,42,43.805159,-79.20087,Mid-Block,Non Intersection,No Control,Clear,"Dawn, artificial",Dry,Fatal,Rear End,Driver,50 to 54,Fatal,49,South,"Automobile, Station Wagon",Going Ahead,Lost control,Unknown,<Null>,<Null>,<Null>,<Null>,<Null>,<Null>,<Null>,<Null>,Yes,<Null>,<Null>,Yes,<Null>,<Null>,<Null>,<Null>,<Null>,<Null>,<Null>,D42,131,Rouge (131),11508,131
-8816600.519,5435339.433,80490056,5001722553,2015,2015/10/06 04:00:00+00,621,6,MORNINGSIDE AVE,SHEPPARD AVE E,358 m North of,Major Arterial,Scarborough,25,42,43.805159,-79.20087,Mid-Block,Non Intersection,No Control,Clear,"Dawn, artificial",Dry,Fatal,Rear End,Driver,30 to 34,Minimal,<Null>,South,Municipal Transit Bus (TTC),Stopped,Driving Properly,Normal,<Null>,<Null>,<Null>,<Null>,<Null>,<Null>,<Null>,<Null>,Yes,<Null>,<Null>,Yes,<Null>,<Null>,<Null>,<Null>,<Null>,<Null>,<Null>,D42,131,Rouge (131),11509,131
-8837410.028,5419152.506,80252335,5001722959,2015,2015/10/06 04:00:00+00,753,7,DAVISVILLE AVE,MOUNT PLEASANT RD,64 m West of,Minor Arterial,Toronto and East York,12,53,43.700125,-79.387805,Mid-Block,Intersection Related,No Control,Clear,Daylight,Dry,Non-Fatal Injury,Pedestrian Collisions,Driver,25 to 29,None,<Null>,East,"Automobile, Station Wagon",Overtaking,Improper Passing,Normal,<Null>,<Null>,<Null>,<Null>,<Null>,<Null>,Yes,<Null>,Yes,<Null>,<Null>,<Null>,<Null>,<Null>,<Null>,Yes,<Null>,<Null>,<Null>,D53,104,Mount Pleasant West (104),11510,104
-8837410.028,5419152.506,80252336,5001722959,2015,2015/10/06 04:00:00+00,753,7,DAVISVILLE AVE,MOUNT PLEASANT RD,64 m West of,Minor Arterial,Toronto and East York,12,53,43.700125,-79.387805,Mid-Block,Intersection Related,No Control,Clear,Daylight,Dry,Non-Fatal Injury,Pedestrian Collisions,Pedestrian,45 to 49,Major,<Null>,North,<Null>,<Null>,<Null>,<Null>,Pedestrian hit at mid-block,Running onto Roadway,Normal,<Null>,<Null>,<Null>,Yes,<Null>,Yes,<Null>,<Null>,<Null>,<Null>,<Null>,<Null>,Yes,<Null>,<Null>,<Null>,D53,104,Mount Pleasant West (104),11511,104
-8830162.127,5416228.5,80252342,5001723026,2015,2015/10/06 04:00:00+00,810,8,COXWELL AVE,EARL HAIG AVE,<Null>,Minor Arterial,Toronto and East York,"14,19",55,43.681132,-79.322696,Intersection,Intersection Related,Pedestrian Crossover,Clear,Daylight,Dry,Non-Fatal Injury,Pedestrian Collisions,Driver,35 to 39,None,<Null>,South,"Automobile, Station Wagon",Going Ahead,Failed to Yield Right of Way,Inattentive,<Null>,<Null>,<Null>,<Null>,<Null>,<Null>,Yes,<Null>,Yes,<Null>,<Null>,<Null>,<Null>,<Null>,<Null>,Yes,<Null>,<Null>,<Null>,D55,64,Woodbine Corridor (64),11512,64
-8830162.127,5416228.5,80252343,5001723026,2015,2015/10/06 04:00:00+00,810,8,COXWELL AVE,EARL HAIG AVE,<Null>,Minor Arterial,Toronto and East York,"14,19",55,43.681132,-79.322696,Intersection,Intersection Related,Pedestrian Crossover,Clear,Daylight,Dry,Non-Fatal Injury,Pedestrian Collisions,Pedestrian,10 to 14,Major,<Null>,East,<Null>,<Null>,<Null>,<Null>,Pedestrian hit a PXO/ped. Mid-block signal,"Crossing, Pedestrian Crossover",Normal,<Null>,<Null>,<Null>,Yes,<Null>,Yes,<Null>,<Null>,<Null>,<Null>,<Null>,<Null>,Yes,<Null>,<Null>,<Null>,D55,64,Woodbine Corridor (64),11513,64