X,Y,INDEX_,ACCNUM,YEAR,DATE,TIME,HOUR,STREET1,STREET2,OFFSET,ROAD_CLASS,DISTRICT,WARDNUM,DIVISION,LATITUDE,LONGITUDE,LOCCOORD,ACCLOC,TRAFFCTL,VISIBILITY,LIGHT,RDSFCOND,ACCLASS,IMPACTYPE,INVTYPE,INVAGE,INJURY,FATAL_NO,INITDIR,VEHTYPE,MANOEUVER,DRIVACT,DRIVCOND,PEDTYPE,PEDACT,PEDCOND,CYCLISTYPE,CYCACT,CYCCOND,PEDESTRIAN,CYCLIST,AUTOMOBILE,MOTORCYCLE,TRUCK,TRSN_CITY_VEH,EMERG_VEH,PASSENGER,SPEEDING,AG_DRIV,REDLIGHT,ALCOHOL,DISABILITY,POLICE_DIVISION,HOOD_ID,NEIGHBOURHOOD,ObjectId,VEHICLES_IN_STREET
-8840685.826,5410049.303,80252344,5001723055,2015,2015/10/06 04:00:00+00,813,8,KING ST W,SUDBURY ST,15 m West of,Major Arterial,Toronto and East York,10,14,43.640975,-79.417232,Intersection,Non Intersection,Traffic Signal,Clear,Daylight,Dry,Non-Fatal Injury,Cyclist Collisions,Cyclist,20 to 24,Major,<Null>,East,Bicycle,Changing Lanes,<Null>,<Null>,<Null>,<Null>,<Null>,Cyclist and Driver travelling in same direction. One vehicle sideswipes the other.,Improper Lane Change,Inattentive,<Null>,Yes,Yes,<Null>,<Null>,<Null>,<Null>,<Null>,<Null>,<Null>,<Null>,<Null>,<Null>,D14,82,Niagara (82),11514,82
-8840685.826,5410049.303,80252345,5001723055,2015,2015/10/06 04:00:00+00,813,8,KING ST W,SUDBURY ST,15 m West of,Major Arterial,Toronto and East York,10,14,43.640975,-79.417232,Intersection,Non Intersection,Traffic Signal,Clear,Daylight,Dry,Non-Fatal Injury,Cyclist Collisions,Driver,55 to 59,None,<Null>,East,"Automobile, Station Wagon",Going Ahead,Driving Properly,Normal,<Null>,<Null>,<Null>,<Null>,<Null>,<Null>,<Null>,Yes,Yes,<Null>,<Null>,<Null>,<Null>,<Null>,<Null>,<Null>,<Null>,<Null>,<Null>,D14,82,Niagara (82),11515,82
-8853476.325,5418336.777,80252356,5001724104,2015,2015/10/06 04:00:00+00,1107,11,ROYAL YORK RD,BRAECREST AVE,51 m South of,Minor Arterial,Etobicoke York,2,23,43.694827,-79.532131,Mid-Block,Non Intersection,No Control,Clear,Daylight,Dry,Non-Fatal Injury,SMV Other,Driver,60 to 64,Major,<Null>,South,"Automobile, Station Wagon",Changing Lanes,Lost control,Medical or Physical Disability,<Null>,<Null>,<Null>,<Null>,<Null>,<Null>,<Null>,<Null>,Yes,<Null>,<Null>,<Null>,<Null>,<Null>,<Null>,Yes,<Null>,<Null>,Yes,D23,8,Humber Heights-Westmount (8),11516,8
-8861315.332,5428073.732,80490115,5001734070,2015,2015/10/07 04:00:00+00,2250,22,STEELES AVE W,MARTIN GROVE RD,64 m East of,Major Arterial,Etobicoke York,1,23,43.758036,-79.60255,Mid-Block,Intersection Related,No Control,Clear,"Dark, artificial",Dry,Non-Fatal Injury,SMV Other,Driver,25 to 29,None,<Null>,West,"Automobile, Station Wagon",Other,Other,Normal,<Null>,<Null>,<Null>,<Null>,<Null>,<Null>,<Null>,<Null>,Yes,<Null>,<Null>,<Null>,<Null>,Yes,<Null>,<Null>,<Null>,<Null>,<Null>,D23,2,Mount Olive-Silverstone-Jamestown (2),11517,2
-8861315.332,5428073.732,80490116,5001734070,2015,2015/10/07 04:00:00+00,2250,22,STEELES AVE W,MARTIN GROVE RD,64 m East of,Major Arterial,Etobicoke York,1,23,43.758036,-79.60255,Mid-Block,Intersection Related,No Control,Clear,"Dark, artificial",Dry,Non-Fatal Injury,SMV Other,Driver,20 to 24,Minor,<Null>,West,"Automobile, Station Wagon",Other,Other,Normal,<Null>,<Null>,<Null>,<Null>,<Null>,<Null>,<Null>,<Null>,Yes,<Null>,<Null>,<Null>,<Null>,Yes,<Null>,<Null>,<Null>,<Null>,<Null>,D23,2,Mount Olive-Silverstone-Jamestown (2),11518,2
-8861315.332,5428073.732,80490117,5001734070,2015,2015/10/07 04:00:00+00,2250,22,STEELES AVE W,MARTIN GROVE RD,64 m East of,Major Arterial,Etobicoke York,1,23,43.758036,-79.60255,Mid-Block,Intersection Related,No Control,Clear,"Dark, artificial",Dry,Non-Fatal Injury,SMV Other,Driver,25 to 29,Minor,<Null>,East,"Automobile, Station Wagon",Going Ahead,Driving Properly,Normal,<Null>,<Null>,<Null>,<Null>,<Null>,<Null>,<Null>,<Null>,Yes,<Null>,<Null>,<Null>,<Null>,Yes,<Null>,<Null>,<Null>,<Null>,<Null>,D23,2,Mount Olive-Silverstone-Jamestown (2),11519,2
-8861315.332,5428073.732,80490118,5001734070,2015,2015/10/07 04:00:00+00,2250,22,STEELES AVE W,MARTIN GROVE RD,64 m East of,Major Arterial,Etobicoke York,1,23,43.758036,-79.60255,Mid-Block,Intersection Related,No Control,Clear,"Dark, artificial",Dry,Non-Fatal Injury,SMV Other,Passenger,25 to 29,Major,<Null>,<Null>,<Null>,<Null>,<Null>,<Null>,<Null>,<Null>,<Null>,<Null>,<Null>,<Null>,<Null>,<Null>,Yes,<Null>,<Null>,<Null>,<Null>,Yes,<Null>,<Null>,<Null>,<Null>,<Null>,D23,2,Mount Olive-Silverstone-Jamestown (2),11520,2
-8842316.434,5419076.75,80252558,5001740132,2015,2015/10/08 04:00:00+00,2227,22,EGLINTON AVE W,MENIN RD,16 m West of,Major Arterial,North York,"8,12",13,43.699633,-79.43188,Intersection,Intersection Related,No Control,Rain,"Dark, artificial",Wet,Non-Fatal Injury,Pedestrian Collisions,Driver,35 to 39,None,<Null>,West,Municipal Transit Bus (TTC),Going Ahead,Speed too Fast For Condition,Normal,<Null>,<Null>,<Null>,<Null>,<Null>,<Null>,Yes,<Null>,<Null>,<Null>,<Null>,Yes,<Null>,<Null>,Yes,Yes,<Null>,<Null>,<Null>,D13,106,Humewood-Cedarvale (106),11521,106
-8842316.434,5419076.75,80252559,5001740132,2015,2015/10/08 04:00:00+00,2227,22,EGLINTON AVE W,MENIN RD,16 m West of,Major Arterial,North York,"8,12",13,43.699633,-79.43188,Intersection,Intersection Related,No Control,Rain,"Dark, artificial",Wet,Non-Fatal Injury,Pedestrian Collisions,Pedestrian,85 to 89,Major,<Null>,Unknown,<Null>,<Null>,<Null>,<Null>,Pedestrian involved in a collision with transit vehicle anywhere along roadway,"Crossing, no Traffic Control",Normal,<Null>,<Null>,<Null>,Yes,<Null>,<Null>,<Null>,<Null>,Yes,<Null>,<Null>,Yes,Yes,<Null>,<Null>,<Null>,D13,106,Humewood-Cedarvale (106),11522,106
-8829778.297,5425464.3,80252568,5001740465,2015,2015/10/09 04:00:00+00,15,0,1244 LAWRENCE,<Null>,<Null>,Major Arterial,North York,16,33,43.741103,-79.319248,Intersection,At/Near Private Drive,No Control,Rain,"Dark, artificial",Wet,Non-Fatal Injury,Pedestrian Collisions,Driver,20 to 24,Minimal,<Null>,West,"Automobile, Station Wagon",Going Ahead,Exceeding Speed Limit,Inattentive,<Null>,<Null>,<Null>,<Null>,<Null>,<Null>,Yes,<Null>,Yes,<Null>,<Null>,<Null>,<Null>,Yes,Yes,Yes,<Null>,<Null>,<Null>,D33,43,Victoria Village (43),11523,43
-8829778.297,5425464.3,80252569,5001740465,2015,2015/10/09 04:00:00+00,15,0,1244 LAWRENCE,<Null>,<Null>,Major Arterial,North York,16,33,43.741103,-79.319248,Intersection,At/Near Private Drive,No Control,Rain,"Dark, artificial",Wet,Non-Fatal Injury,Pedestrian Collisions,Driver,40 to 44,None,<Null>,South,"Automobile, Station Wagon",Turning Right,Failed to Yield Right of Way,Inattentive,<Null>,<Null>,<Null>,<Null>,<Null>,<Null>,Yes,<Null>,Yes,<Null>,<Null>,<Null>,<Null>,Yes,Yes,Yes,<Null>,<Null>,<Null>,D33,43,Victoria Village (43),11524,43
-8829778.297,5425464.3,80252570,5001740465,2015,2015/10/09 04:00:00+00,15,0,1244 LAWRENCE,<Null>,<Null>,Major Arterial,North York,16,33,43.741103,-79.319248,Intersection,At/Near Private Drive,No Control,Rain,"Dark, artificial",Wet,Non-Fatal Injury,Pedestrian Collisions,Driver,15 to 19,None,<Null>,West,"Automobile, Station Wagon",Going Ahead,Exceeding Speed Limit,Inattentive,<Null>,<Null>,<Null>,<Null>,<Null>,<Null>,Yes,<Null>,Yes,<Null>,<Null>,<Null>,<Null>,Yes,Yes,Yes,<Null>,<Null>,<Null>,D33,43,Victoria Village (43),11525,43
-8829778.297,5425464.3,80252571,5001740465,2015,2015/10/09 04:00:00+00,15,0,1244 LAWRENCE,<Null>,<Null>,Major Arterial,North York,16,33,43.741103,-79.319248,Intersection,At/Near Private Drive,No Control,Rain,"Dark, artificial",Wet,Non-Fatal Injury,Pedestrian Collisions,Passenger,20 to 24,Minimal,<Null>,<Null>,<Null>,<Null>,<Null>,<Null>,<Null>,<Null>,<Null>,<Null>,<Null>,<Null>,Yes,<Null>,Yes,<Null>,<Null>,<Null>,<Null>,Yes,Yes,Yes,<Null>,<Null>,<Null>,D33,43,Victoria Village (43),11526,43
-8829778.297,5425464.3,80252572,5001740465,2015,2015/10/09 04:00:00+00,15,0,1244 LAWRENCE,<Null>,<Null>,Major Arterial,North York,16,33,43.741103,-79.319248,Intersection,At/Near Private Drive,No Control,Rain,"Dark, artificial",Wet,Non-Fatal Injury,Pedestrian Collisions,Passenger,15 to 19,Minor,<Null>,<Null>,<Null>,<Null>,<Null>,<Null>,<Null>,<Null>,<Null>,<Null>,<Null>,<Null>,Yes,<Null>,Yes,<Null>,<Null>,<Null>,<Null>,Yes,Yes,Yes,<Null>,<Null>,<Null>,D33,43,Victoria Village (43),11527,43
-8829778.297,5425464.3,80252573,5001740465,2015,2015/10/09 04:00:00+00,15,0,1244 LAWRENCE,<Null>,<Null>,Major Arterial,North York,16,33,43.741103,-79.319248,Intersection,At/Near Private Drive,No Control,Rain,"Dark, artificial",Wet,Non-Fatal Injury,Pedestrian Collisions,Passenger,15 to 19,Minimal,<Null>,<Null>,<Null>,<Null>,<Null>,<Null>,<Null>,<Null>,<Null>,<Null>,<Null>,<Null>,Yes,<Null>,Yes,<Null>,<Null>,<Null>,<Null>,Yes,Yes,Yes,<Null>,<Null>,<Null>,D33,43,Victoria Village (43),11528,43
-8829778.297,5425464.3,80252574,5001740465,2015,2015/10/09 04:00:00+00,15,0,1244 LAWRENCE,<Null>,<Null>,Major Arterial,North York,16,33,43.741103,-79.319248,Intersection,At/Near Private Drive,No Control,Rain,"Dark, artificial",Wet,Non-Fatal Injury,Pedestrian Collisions,Pedestrian,50 to 54,Major,<Null>,Unknown,<Null>,<Null>,<Null>,<Null>,Pedestrian hit on sidewalk or shoulder,On Sidewalk or Shoulder,Unknown,<Null>,<Null>,<Null>,Yes,<Null>,Yes,<Null>,<Null>,<Null>,<Null>,Yes,Yes,Yes,<Null>,<Null>,<Null>,D33,43,Victoria Village (43),11529,43
-8854507.366,5416856.853,80197054,5001750958,2015,2015/10/10 04:00:00+00,1919,19,ISLINGTON AVE,DEERFOOT RD,<Null>,Major Arterial,Etobicoke York,2,23,43.685214,-79.541393,Intersection,<Null>,No Control,Clear,Dark,Dry,Fatal,Pedestrian Collisions,Driver,20 to 24,None,<Null>,North,"Automobile, Station Wagon",Going Ahead,Exceeding Speed Limit,Inattentive,<Null>,<Null>,<Null>,<Null>,<Null>,<Null>,Yes,<Null>,Yes,<Null>,<Null>,<Null>,<Null>,<Null>,Yes,Yes,<Null>,<Null>,<Null>,D23,7,Willowridge-Martingrove-Richview (7),11530,7
-8854507.366,5416856.853,80197061,5001750958,2015,2015/10/10 04:00:00+00,1919,19,ISLINGTON AVE,DEERFOOT RD,<Null>,Major Arterial,Etobicoke York,2,23,43.685214,-79.541393,Intersection,<Null>,No Control,Clear,Dark,Dry,Fatal,Pedestrian Collisions,Driver,55 to 59,None,<Null>,South,"Automobile, Station Wagon",Going Ahead,Driving Properly,Normal,<Null>,<Null>,<Null>,<Null>,<Null>,<Null>,Yes,<Null>,Yes,<Null>,<Null>,<Null>,<Null>,<Null>,Yes,Yes,<Null>,<Null>,<Null>,D23,7,Willowridge-Martingrove-Richview (7),11531,7
-8854507.366,5416856.853,80197062,5001750958,2015,2015/10/10 04:00:00+00,1919,19,ISLINGTON AVE,DEERFOOT RD,<Null>,Major Arterial,Etobicoke York,2,23,43.685214,-79.541393,Intersection,<Null>,No Control,Clear,Dark,Dry,Fatal,Pedestrian Collisions,Pedestrian,20 to 24,Fatal,50,Unknown,<Null>,<Null>,<Null>,<Null>,Vehicle is going straight thru inter.while ped cross without ROW,"Crossing, no Traffic Control",Inattentive,<Null>,<Null>,<Null>,Yes,<Null>,Yes,<Null>,<Null>,<Null>,<Null>,<Null>,Yes,Yes,<Null>,<Null>,<Null>,D23,7,Willowridge-Martingrove-Richview (7),11532,7
-8840927.056,5424120.653,80490279,5001754996,2015,2015/10/11 04:00:00+00,1445,14,AVENUE RD,ROE AVE,6 m North of,Major Arterial,North York,8,32,43.732382,-79.419399,Intersection,Non Intersection,No Control,Clear,Daylight,Dry,Non-Fatal Injury,Turning Movement,Driver,60 to 64,Major,<Null>,South,"Automobile, Station Wagon",Making U Turn,Improper Turn,Inattentive,<Null>,<Null>,<Null>,<Null>,<Null>,<Null>,<Null>,<Null>,Yes,<Null>,<Null>,<Null>,<Null>,Yes,<Null>,<Null>,<Null>,<Null>,<Null>,D32,39,Bedford Park-Nortown (39),11533,39
-8840927.056,5424120.653,80490280,5001754996,2015,2015/10/11 04:00:00+00,1445,14,AVENUE RD,ROE AVE,6 m North of,Major Arterial,North York,8,32,43.732382,-79.419399,Intersection,Non Intersection,No Control,Clear,Daylight,Dry,Non-Fatal Injury,Turning Movement,Driver,30 to 34,Minor,<Null>,South,"Automobile, Station Wagon",Going Ahead,Driving Properly,Normal,<Null>,<Null>,<Null>,<Null>,<Null>,<Null>,<Null>,<Null>,Yes,<Null>,<Null>,<Null>,<Null>,Yes,<Null>,<Null>,<Null>,<Null>,<Null>,D32,39,Bedford Park-Nortown (39),11534,39
-8840927.056,5424120.653,80490281,5001754996,2015,2015/10/11 04:00:00+00,1445,14,AVENUE RD,ROE AVE,6 m North of,Major Arterial,North York,8,32,43.732382,-79.419399,Intersection,Non Intersection,No Control,Clear,Daylight,Dry,Non-Fatal Injury,Turning Movement,Passenger,unknown,Minor,<Null>,<Null>,<Null>,<Null>,<Null>,<Null>,<Null>,<Null>,<Null>,<Null>,<Null>,<Null>,<Null>,<Null>,Yes,<Null>,<Null>,<Null>,<Null>,Yes,<Null>,<Null>,<Null>,<Null>,<Null>,D32,39,Bedford Park-Nortown (39),11535,39
-8836536.949,5412060.931,80490323,5001756961,2015,2015/10/11 04:00:00+00,2217,22,YONGE ST,SHUTER ST,3 m North of,Major Arterial,Toronto and East York,13,"51,52",43.654051,-79.379962,Intersection,At Intersection,Traffic Signal,Clear,"Dark, artificial",Dry,Non-Fatal Injury,Approaching,Driver,40 to 44,Minor,<Null>,North,Passenger Van,Going Ahead,Lost control,Medical or Physical Disability,<Null>,<Null>,<Null>,<Null>,<Null>,<Null>,<Null>,<Null>,Yes,<Null>,<Null>,<Null>,<Null>,Yes,<Null>,<Null>,<Null>,<Null>,Yes,D51,75,Church-Yonge Corridor (75),11536,75
-8836536.949,5412060.931,80490324,5001756961,2015,2015/10/11 04:00:00+00,2217,22,YONGE ST,SHUTER ST,3 m North of,Major Arterial,Toronto and East York,13,"51,52",43.654051,-79.379962,Intersection,At Intersection,Traffic Signal,Clear,"Dark, artificial",Dry,Non-Fatal Injury,Approaching,Driver,25 to 29,None,<Null>,South,Pick Up Truck,Stopped,Driving Properly,Normal,<Null>,<Null>,<Null>,<Null>,<Null>,<Null>,<Null>,<Null>,Yes,<Null>,<Null>,<Null>,<Null>,Yes,<Null>,<Null>,<Null>,<Null>,Yes,D51,75,Church-Yonge Corridor (75),11537,75
-8836536.949,5412060.931,80490325,5001756961,2015,2015/10/11 04:00:00+00,2217,22,YONGE ST,SHUTER ST,3 m North of,Major Arterial,Toronto and East York,13,"51,52",43.654051,-79.379962,Intersection,At Intersection,Traffic Signal,Clear,"Dark, artificial",Dry,Non-Fatal Injury,Approaching,Driver,60 to 64,None,<Null>,South,"Automobile, Station Wagon",Going Ahead,Driving Properly,Normal,<Null>,<Null>,<Null>,<Null>,<Null>,<Null>,<Null>,<Null>,Yes,<Null>,<Null>,<Null>,<Null>,Yes,<Null>,<Null>,<Null>,<Null>,Yes,D51,75,Church-Yonge Corridor (75),11538,75
-8836536.949,5412060.931,80490326,5001756961,2015,2015/10/11 04:00:00+00,2217,22,YONGE ST,SHUTER ST,3 m North of,Major Arterial,Toronto and East York,13,"51,52",43.654051,-79.379962,Intersection,At Intersection,Traffic Signal,Clear,"Dark, artificial",Dry,Non-Fatal Injury,Approaching,Passenger,35 to 39,Minor,<Null>,<Null>,<Null>,<Null>,<Null>,<Null>,<Null>,<Null>,<Null>,<Null>,<Null>,<Null>,<Null>,<Null>,Yes,<Null>,<Null>,<Null>,<Null>,Yes,<Null>,<Null>,<Null>,<Null>,Yes,D51,75,Church-Yonge Corridor (75),11539,75
-8836536.949,5412060.931,80490327,5001756961,2015,2015/10/11 04:00:00+00,2217,22,YONGE ST,SHUTER ST,3 m North of,Major Arterial,Toronto and East York,13,"51,52",43.654051,-79.379962,Intersection,At Intersection,Traffic Signal,Clear,"Dark, artificial",Dry,Non-Fatal Injury,Approaching,Passenger,10 to 14,Minor,<Null>,<Null>,<Null>,<Null>,<Null>,<Null>,<Null>,<Null>,<Null>,<Null>,<Null>,<Null>,<Null>,<Null>,Yes,<Null>,<Null>,<Null>,<Null>,Yes,<Null>,<Null>,<Null>,<Null>,Yes,D51,75,Church-Yonge Corridor (75),11540,75
-8836536.949,5412060.931,80490328,5001756961,2015,2015/10/11 04:00:00+00,2217,22,YONGE ST,SHUTER ST,3 m North of,Major Arterial,Toronto and East York,13,"51,52",43.654051,-79.379962,Intersection,At Intersection,Traffic Signal,Clear,"Dark, artificial",Dry,Non-Fatal Injury,Approaching,Passenger,5 to 9,Minor,<Null>,<Null>,<Null>,<Null>,<Null>,<Null>,<Null>,<Null>,<Null>,<Null>,<Null>,<Null>,<Null>,<Null>,Yes,<Null>,<Null>,<Null>,<Null>,Yes,<Null>,<Null>,<Null>,<Null>,Yes,D51,75,Church-Yonge Corridor (75),11541,75
-8836536.949,5412060.931,80490329,5001756961,2015,2015/10/11 04:00:00+00,2217,22,YONGE ST,SHUTER ST,3 m North of,Major Arterial,Toronto and East York,13,"51,52",43.654051,-79.379962,Intersection,At Intersection,Traffic Signal,Clear,"Dark, artificial",Dry,Non-Fatal Injury,Approaching,Passenger,5 to 9,Major,<Null>,<Null>,<Null>,<Null>,<Null>,<Null>,<Null>,<Null>,<Null>,<Null>,<Null>,<Null>,<Null>,<Null>,Yes,<Null>,<Null>,<Null>,<Null>,Yes,<Null>,<Null>,<Null>,<Null>,Yes,D51,75,Church-Yonge Corridor (75),11542,75
-8836536.949,5412060.931,80490330,5001756961,2015,2015/10/11 04:00:00+00,2217,22,YONGE ST,SHUTER ST,3 m North of,Major Arterial,Toronto and East York,13,"51,52",43.654051,-79.379962,Intersection,At Intersection,Traffic Signal,Clear,"Dark, artificial",Dry,Non-Fatal Injury,Approaching,Passenger,15 to 19,Minor,<Null>,<Null>,<Null>,<Null>,<Null>,<Null>,<Null>,<Null>,<Null>,<Null>,<Null>,<Null>,<Null>,<Null>,Yes,<Null>,<Null>,<Null>,<Null>,Yes,<Null>,<Null>,<Null>,<Null>,Yes,D51,75,Church-Yonge Corridor (75),11543,75
-8836536.949,5412060.931,80490331,5001756961,2015,2015/10/11 04:00:00+00,2217,22,YONGE ST,SHUTER ST,3 m North of,Major Arterial,Toronto and East York,13,"51,52",43.654051,-79.379962,Intersection,At Intersection,Traffic Signal,Clear,"Dark, artificial",Dry,Non-Fatal Injury,Approaching,Passenger,10 to 14,Major,<Null>,<Null>,<Null>,<Null>,<Null>,<Null>,<Null>,<Null>,<Null>,<Null>,<Null>,<Null>,<Null>,<Null>,Yes,<Null>,<Null>,<Null>,<Null>,Yes,<Null>,<Null>,<Null>,<Null>,Yes,D51,75,Church-Yonge Corridor (75),11544,75
-8817126.169,5428989.281,80631975,5001757251,2015,2015/10/11 04:00:00+00,2340,23,LAWRENCE AVE E,ORTON PARK RD,<Null>,Major Arterial,Scarborough,24,43,43.763976,-79.205592,Intersection,At Intersection,Traffic Signal,Clear,Dark,Dry,Non-Fatal Injury,Turning Movement,Driver,20 to 24,Minimal,<Null>,East,"Automobile, Station Wagon",Turning Left,Improper Turn,Normal,<Null>,<Null>,<Null>,<Null>,<Null>,<Null>,<Null>,<Null>,Yes,<Null>,<Null>,<Null>,<Null>,Yes,<Null>,<Null>,<Null>,<Null>,<Null>,D43,137,Woburn (137),11545,137
-8817126.169,5428989.281,80631976,5001757251,2015,2015/10/11 04:00:00+00,2340,23,LAWRENCE AVE E,ORTON PARK RD,<Null>,Major Arterial,Scarborough,24,43,43.763976,-79.205592,Intersection,At Intersection,Traffic Signal,Clear,Dark,Dry,Non-Fatal Injury,Turning Movement,Driver,15 to 19,None,<Null>,West,"Automobile, Station Wagon",Going Ahead,Driving Properly,Normal,<Null>,<Null>,<Null>,<Null>,<Null>,<Null>,<Null>,<Null>,Yes,<Null>,<Null>,<Null>,<Null>,Yes,<Null>,<Null>,<Null>,<Null>,<Null>,D43,137,Woburn (137),11546,137
-8817126.169,5428989.281,80631977,5001757251,2015,2015/10/11 04:00:00+00,2340,23,LAWRENCE AVE E,ORTON PARK RD,<Null>,Major Arterial,Scarborough,24,43,43.763976,-79.205592,Intersection,At Intersection,Traffic Signal,Clear,Dark,Dry,Non-Fatal Injury,Turning Movement,Passenger,20 to 24,Major,<Null>,<Null>,<Null>,<Null>,<Null>,<Null>,<Null>,<Null>,<Null>,<Null>,<Null>,<Null>,<Null>,<Null>,Yes,<Null>,<Null>,<Null>,<Null>,Yes,<Null>,<Null>,<Null>,<Null>,<Null>,D43,137,Woburn (137),11547,137
-8817126.169,5428989.281,80631978,5001757251,2015,2015/10/11 04:00:00+00,2340,23,LAWRENCE AVE E,ORTON PARK RD,<Null>,Major Arterial,Scarborough,24,43,43.763976,-79.205592,Intersection,At Intersection,Traffic Signal,Clear,Dark,Dry,Non-Fatal Injury,Turning Movement,Passenger,20 to 24,None,<Null>,<Null>,<Null>,<Null>,<Null>,<Null>,<Null>,<Null>,<Null>,<Null>,<Null>,<Null>,<Null>,<Null>,Yes,<Null>,<Null>,<Null>,<Null>,Yes,<Null>,<Null>,<Null>,<Null>,<Null>,D43,137,Woburn (137),11548,137
-8839739.722,5409042.423,80252841,5001759901,2015,2015/10/12 04:00:00+00,1440,14,STRACHAN AVE,LAKE SHORE BLVD W,<Null>,Major Arterial,Toronto and East York,10,14,43.634429,-79.408733,Intersection,At Intersection,Traffic Signal,Clear,Daylight,Dry,Non-Fatal Injury,Turning Movement,Driver,75 to 79,Major,<Null>,West,"Automobile, Station Wagon",Turning Left,Failed to Yield Right of Way,Medical or Physical Disability,<Null>,<Null>,<Null>,<Null>,<Null>,<Null>,<Null>,<Null>,Yes,<Null>,<Null>,<Null>,<Null>,Yes,<Null>,Yes,<Null>,<Null>,Yes,D14,82,Niagara (82),11549,82
-8839739.722,5409042.423,80252842,5001759901,2015,2015/10/12 04:00:00+00,1440,14,STRACHAN AVE,LAKE SHORE BLVD W,<Null>,Major Arterial,Toronto and East York,10,14,43.634429,-79.408733,Intersection,At Intersection,Traffic Signal,Clear,Daylight,Dry,Non-Fatal Injury,Turning Movement,Driver,25 to 29,Minimal,<Null>,East,"Automobile, Station Wagon",Going Ahead,Driving Properly,Normal,<Null>,<Null>,<Null>,<Null>,<Null>,<Null>,<Null>,<Null>,Yes,<Null>,<Null>,<Null>,<Null>,Yes,<Null>,Yes,<Null>,<Null>,Yes,D14,82,Niagara (82),11550,82
-8839739.722,5409042.423,80252843,5001759901,2015,2015/10/12 04:00:00+00,1440,14,STRACHAN AVE,LAKE SHORE BLVD W,<Null>,Major Arterial,Toronto and East York,10,14,43.634429,-79.408733,Intersection,At Intersection,Traffic Signal,Clear,Daylight,Dry,Non-Fatal Injury,Turning Movement,Passenger,45 to 49,Minimal,<Null>,<Null>,<Null>,<Null>,<Null>,<Null>,<Null>,<Null>,<Null>,<Null>,<Null>,<Null>,<Null>,<Null>,Yes,<Null>,<Null>,<Null>,<Null>,Yes,<Null>,Yes,<Null>,<Null>,Yes,D14,82,Niagara (82),11551,82
-8856930.346,5415202.784,80490372,5001760771,2015,2015/10/12 04:00:00+00,1830,18,EGLINTON AVE W,MARTIN GROVE RD,<Null>,Major Arterial,Etobicoke York,"1,2","23,22",43.674468,-79.563159,Intersection,At Intersection,Traffic Signal,Clear,"Dark, artificial",Dry,Non-Fatal Injury,Turning Movement,Driver,35 to 39,None,<Null>,West,"Automobile, Station Wagon",Turning Left,Improper Turn,Inattentive,<Null>,<Null>,<Null>,<Null>,<Null>,<Null>,<Null>,<Null>,Yes,Yes,<Null>,<Null>,<Null>,Yes,<Null>,Yes,<Null>,<Null>,<Null>,D22,7,Willowridge-Martingrove-Richview (7),11552,7
-8856930.346,5415202.784,80490373,5001760771,2015,2015/10/12 04:00:00+00,1830,18,EGLINTON AVE W,MARTIN GROVE RD,<Null>,Major Arterial,Etobicoke York,"1,2","23,22",43.674468,-79.563159,Intersection,At Intersection,Traffic Signal,Clear,"Dark, artificial",Dry,Non-Fatal Injury,Turning Movement,Motorcycle Driver,45 to 49,Major,<Null>,East,Motorcycle,Going Ahead,Driving Properly,Normal,<Null>,<Null>,<Null>,<Null>,<Null>,<Null>,<Null>,<Null>,Yes,Yes,<Null>,<Null>,<Null>,Yes,<Null>,Yes,<Null>,<Null>,<Null>,D22,7,Willowridge-Martingrove-Richview (7),11553,7
-8856930.346,5415202.784,80490374,5001760771,2015,2015/10/12 04:00:00+00,1830,18,EGLINTON AVE W,MARTIN GROVE RD,<Null>,Major Arterial,Etobicoke York,"1,2","23,22",43.674468,-79.563159,Intersection,At Intersection,Traffic Signal,Clear,"Dark, artificial",Dry,Non-Fatal Injury,Turning Movement,Passenger,45 to 49,None,<Null>,<Null>,<Null>,<Null>,<Null>,<Null>,<Null>,<Null>,<Null>,<Null>,<Null>,<Null>,<Null>,<Null>,Yes,Yes,<Null>,<Null>,<Null>,Yes,<Null>,Yes,<Null>,<Null>,<Null>,D22,7,Willowridge-Martingrove-Richview (7),11554,7
-8856930.346,5415202.784,80490375,5001760771,2015,2015/10/12 04:00:00+00,1830,18,EGLINTON AVE W,MARTIN GROVE RD,<Null>,Major Arterial,Etobicoke York,"1,2","23,22",43.674468,-79.563159,Intersection,At Intersection,Traffic Signal,Clear,"Dark, artificial",Dry,Non-Fatal Injury,Turning Movement,Passenger,5 to 9,None,<Null>,<Null>,<Null>,<Null>,<Null>,<Null>,<Null>,<Null>,<Null>,<Null>,<Null>,<Null>,<Null>,<Null>,Yes,Yes,<Null>,<Null>,<Null>,Yes,<Null>,Yes,<Null>,<Null>,<Null>,D22,7,Willowridge-Martingrove-Richview (7),11555,7
-8856930.346,5415202.784,80490376,5001760771,2015,2015/10/12 04:00:00+00,1830,18,EGLINTON AVE W,MARTIN GROVE RD,<Null>,Major Arterial,Etobicoke York,"1,2","23,22",43.674468,-79.563159,Intersection,At Intersection,Traffic Signal,Clear,"Dark, artificial",Dry,Non-Fatal Injury,Turning Movement,Passenger,0 to 4,None,<Null>,<Null>,<Null>,<Null>,<Null>,<Null>,<Null>,<Null>,<Null>,<Null>,<Null>,<Null>,<Null>,<Null>,Yes,Yes,<Null>,<Null>,<Null>,Yes,<Null>,Yes,<Null>,<Null>,<Null>,D22,7,Willowridge-Martingrove-Richview (7),11556,7