X,Y,INDEX_,ACCNUM,YEAR,DATE,TIME,HOUR,STREET1,STREET2,OFFSET,ROAD_CLASS,DISTRICT,WARDNUM,DIVISION,LATITUDE,LONGITUDE,LOCCOORD,ACCLOC,TRAFFCTL,VISIBILITY,LIGHT,RDSFCOND,ACCLASS,IMPACTYPE,INVTYPE,INVAGE,INJURY,FATAL_NO,INITDIR,VEHTYPE,MANOEUVER,DRIVACT,DRIVCOND,PEDTYPE,PEDACT,PEDCOND,CYCLISTYPE,CYCACT,CYCCOND,PEDESTRIAN,CYCLIST,AUTOMOBILE,MOTORCYCLE,TRUCK,TRSN_CITY_VEH,EMERG_VEH,PASSENGER,SPEEDING,AG_DRIV,REDLIGHT,ALCOHOL,DISABILITY,POLICE_DIVISION,HOOD_ID,NEIGHBOURHOOD,ObjectId,VEHICLES_IN_STREET
-8856930.346,5415202.784,80490377,5001760771,2015,2015/10/12 04:00:00+00,1830,18,EGLINTON AVE W,MARTIN GROVE RD,<Null>,Major Arterial,Etobicoke York,"1,2","23,22",43.674468,-79.563159,Intersection,At Intersection,Traffic Signal,Clear,"Dark, artificial",Dry,Non-Fatal Injury,Turning Movement,Passenger,5 to 9,None,<Null>,<Null>,<Null>,<Null>,<Null>,<Null>,<Null>,<Null>,<Null>,<Null>,<Null>,<Null>,<Null>,<Null>,Yes,Yes,<Null>,<Null>,<Null>,Yes,<Null>,Yes,<Null>,<Null>,<Null>,D22,7,Willowridge-Martingrove-Richview (7),11557,7
-8836801.11,5414691.97,80701816,5001769257,2015,2015/10/14 04:00:00+00,738,7,BLOOR ST E,ST PAULS SQ,<Null>,Major Arterial,Toronto and East York,11,"53,51",43.671149,-79.382335,Intersection,Intersection Related,No Control,Clear,Daylight,Dry,Non-Fatal Injury,Cyclist Collisions,Cyclist,40 to 44,Major,<Null>,West,Bicycle,Changing Lanes,<Null>,<Null>,<Null>,<Null>,<Null>,Cyclist and Driver travelling in same direction. One vehicle sideswipes the other.,Lost control,Normal,<Null>,Yes,Yes,<Null>,<Null>,<Null>,<Null>,<Null>,<Null>,<Null>,<Null>,<Null>,<Null>,D51,75,Church-Yonge Corridor (75),11558,75
-8836801.11,5414691.97,80701817,5001769257,2015,2015/10/14 04:00:00+00,738,7,BLOOR ST E,ST PAULS SQ,<Null>,Major Arterial,Toronto and East York,11,"53,51",43.671149,-79.382335,Intersection,Intersection Related,No Control,Clear,Daylight,Dry,Non-Fatal Injury,Cyclist Collisions,Driver,45 to 49,None,<Null>,West,"Automobile, Station Wagon",Slowing or Stopping,Driving Properly,Normal,<Null>,<Null>,<Null>,<Null>,<Null>,<Null>,<Null>,Yes,Yes,<Null>,<Null>,<Null>,<Null>,<Null>,<Null>,<Null>,<Null>,<Null>,<Null>,D51,75,Church-Yonge Corridor (75),11559,75
-8837374.406,5410978.142,80631981,5001784292,2015,2015/10/16 04:00:00+00,1627,16,KING ST W,ED MIRVISH WAY,35 m East of,Major Arterial,Toronto and East York,10,52,43.647013,-79.387485,Mid-Block,Non Intersection,No Control,Clear,Daylight,Dry,Non-Fatal Injury,Pedestrian Collisions,Driver,20 to 24,None,<Null>,West,"Automobile, Station Wagon",Going Ahead,Driving Properly,Normal,<Null>,<Null>,<Null>,<Null>,<Null>,<Null>,Yes,<Null>,Yes,<Null>,<Null>,<Null>,<Null>,<Null>,<Null>,<Null>,<Null>,<Null>,<Null>,D52,77,Waterfront Communities-The Island (77),11560,77
-8837374.406,5410978.142,80631982,5001784292,2015,2015/10/16 04:00:00+00,1627,16,KING ST W,ED MIRVISH WAY,35 m East of,Major Arterial,Toronto and East York,10,52,43.647013,-79.387485,Mid-Block,Non Intersection,No Control,Clear,Daylight,Dry,Non-Fatal Injury,Pedestrian Collisions,Pedestrian,65 to 69,Major,<Null>,North,<Null>,<Null>,<Null>,<Null>,Pedestrian hit at mid-block,"Crossing, no Traffic Control",Inattentive,<Null>,<Null>,<Null>,Yes,<Null>,Yes,<Null>,<Null>,<Null>,<Null>,<Null>,<Null>,<Null>,<Null>,<Null>,<Null>,D52,77,Waterfront Communities-The Island (77),11561,77
-8837504.315,5429820.752,80490583,5001785499,2015,2015/10/16 04:00:00+00,2009,20,BAYVIEW AVE,BAYVIEW MEWS LANE,10 m North of,Major Arterial,North York,"18,17","33,32",43.76937,-79.388652,Intersection,Non Intersection,No Control,Clear,"Dark, artificial",Dry,Non-Fatal Injury,Approaching,Driver,50 to 54,Major,<Null>,North,"Automobile, Station Wagon",Going Ahead,Lost control,Inattentive,<Null>,<Null>,<Null>,<Null>,<Null>,<Null>,<Null>,<Null>,Yes,<Null>,<Null>,<Null>,<Null>,Yes,<Null>,<Null>,<Null>,<Null>,<Null>,D33,52,Bayview Village (52),11562,52
-8837504.315,5429820.752,80490584,5001785499,2015,2015/10/16 04:00:00+00,2009,20,BAYVIEW AVE,BAYVIEW MEWS LANE,10 m North of,Major Arterial,North York,"18,17","33,32",43.76937,-79.388652,Intersection,Non Intersection,No Control,Clear,"Dark, artificial",Dry,Non-Fatal Injury,Approaching,Driver,60 to 64,Major,<Null>,South,"Automobile, Station Wagon",Going Ahead,Driving Properly,Normal,<Null>,<Null>,<Null>,<Null>,<Null>,<Null>,<Null>,<Null>,Yes,<Null>,<Null>,<Null>,<Null>,Yes,<Null>,<Null>,<Null>,<Null>,<Null>,D33,52,Bayview Village (52),11563,52
-8818685.533,5436688.264,80496697,5000679922,2015,2015/04/24 04:00:00+00,1804,18,HUPFIELD TRL,GLANVIL CRES,20 m South of,Collector,Scarborough,25,42,43.813903,-79.2196,Intersection,Non Intersection,No Control,Clear,Daylight,Dry,Non-Fatal Injury,SMV Other,Driver,15 to 19,None,<Null>,North,"Automobile, Station Wagon",Going Ahead,Lost control,Normal,<Null>,<Null>,<Null>,<Null>,<Null>,<Null>,<Null>,<Null>,Yes,<Null>,<Null>,<Null>,<Null>,Yes,Yes,Yes,<Null>,<Null>,<Null>,D42,132,Malvern (132),11564,132
-8819321.612,5428347.154,80240564,5000932642,2015,2015/06/04 04:00:00+00,242,2,MARKHAM RD,LAWRENCE AVE E,<Null>,Major Arterial,Scarborough,24,43,43.75981,-79.225314,Intersection,Intersection Related,Traffic Signal,Clear,"Dark, artificial",Dry,Non-Fatal Injury,Rear End,Driver,35 to 39,Major,<Null>,South,"Automobile, Station Wagon",Going Ahead,Lost control,Had Been Drinking,<Null>,<Null>,<Null>,<Null>,<Null>,<Null>,<Null>,<Null>,Yes,<Null>,Yes,<Null>,<Null>,<Null>,<Null>,<Null>,<Null>,<Null>,<Null>,D43,137,Woburn (137),11565,137
-8837436.411,5429390.209,80562660,5000009507,2015,2015/01/02 05:00:00+00,1830,18,BAYVIEW AVE,SHEPPARD AVE E,<Null>,Major Arterial,North York,"18,17","33,32",43.766577,-79.388042,Intersection,At Intersection,Traffic Signal,Clear,"Dark, artificial",Dry,Non-Fatal Injury,Turning Movement,Driver,40 to 44,None,<Null>,South,"Automobile, Station Wagon",Turning Left,Other,Normal,<Null>,<Null>,<Null>,<Null>,<Null>,<Null>,<Null>,<Null>,Yes,<Null>,<Null>,<Null>,<Null>,Yes,<Null>,<Null>,<Null>,<Null>,<Null>,D33,52,Bayview Village (52),11568,52
-8818685.533,5436688.264,80496698,5000679922,2015,2015/04/24 04:00:00+00,1804,18,HUPFIELD TRL,GLANVIL CRES,20 m South of,Collector,Scarborough,25,42,43.813903,-79.2196,Intersection,Non Intersection,No Control,Clear,Daylight,Dry,Non-Fatal Injury,SMV Other,Passenger,15 to 19,Major,<Null>,<Null>,<Null>,<Null>,<Null>,<Null>,<Null>,<Null>,<Null>,<Null>,<Null>,<Null>,<Null>,<Null>,Yes,<Null>,<Null>,<Null>,<Null>,Yes,Yes,Yes,<Null>,<Null>,<Null>,D42,132,Malvern (132),11569,132
-8819321.612,5428347.154,80240565,5000932642,2015,2015/06/04 04:00:00+00,242,2,MARKHAM RD,LAWRENCE AVE E,<Null>,Major Arterial,Scarborough,24,43,43.75981,-79.225314,Intersection,Intersection Related,Traffic Signal,Clear,"Dark, artificial",Dry,Non-Fatal Injury,Rear End,Truck Driver,30 to 34,None,<Null>,South,Truck-Tractor,Stopped,Driving Properly,Normal,<Null>,<Null>,<Null>,<Null>,<Null>,<Null>,<Null>,<Null>,Yes,<Null>,Yes,<Null>,<Null>,<Null>,<Null>,<Null>,<Null>,<Null>,<Null>,D43,137,Woburn (137),11571,137
-8837436.411,5429390.209,80562661,5000009507,2015,2015/01/02 05:00:00+00,1830,18,BAYVIEW AVE,SHEPPARD AVE E,<Null>,Major Arterial,North York,"18,17","33,32",43.766577,-79.388042,Intersection,At Intersection,Traffic Signal,Clear,"Dark, artificial",Dry,Non-Fatal Injury,Turning Movement,Driver,45 to 49,Major,<Null>,North,"Automobile, Station Wagon",Going Ahead,Other,Normal,<Null>,<Null>,<Null>,<Null>,<Null>,<Null>,<Null>,<Null>,Yes,<Null>,<Null>,<Null>,<Null>,Yes,<Null>,<Null>,<Null>,<Null>,<Null>,D33,52,Bayview Village (52),11573,52
-8830839.84,5427276.015,80560996,5000679960,2015,2015/04/24 04:00:00+00,1810,18,BROOKBANKS DR,UNDERHILL DR,<Null>,Collector,North York,16,33,43.75286,-79.328784,Mid-Block,Trail,No Control,Clear,Daylight,Dry,Non-Fatal Injury,SMV Other,Driver,25 to 29,Major,<Null>,South,Off Road - 2 Wheels,Going Ahead,Speed too Fast For Condition,Normal,<Null>,<Null>,<Null>,<Null>,<Null>,<Null>,<Null>,<Null>,<Null>,<Null>,<Null>,<Null>,<Null>,<Null>,Yes,Yes,<Null>,<Null>,<Null>,D33,45,Parkwoods-Donalda (45),11658,45
-8831982.201,5411603.83,80240607,5000935132,2015,2015/06/04 04:00:00+00,1255,12,COMMISSIONERS ST,BOUCHETTE ST,80 m East of,Collector,Toronto and East York,14,55,43.65108,-79.339046,Mid-Block,Non Intersection,No Control,Clear,Daylight,Dry,Non-Fatal Injury,SMV Other,Driver,45 to 49,Major,<Null>,East,"Automobile, Station Wagon",Changing Lanes,Exceeding Speed Limit,Inattentive,<Null>,<Null>,<Null>,<Null>,<Null>,<Null>,<Null>,<Null>,Yes,<Null>,<Null>,<Null>,<Null>,<Null>,Yes,Yes,<Null>,<Null>,<Null>,D55,70,South Riverdale (70),11659,70
-8837436.411,5429390.209,80562662,5000009507,2015,2015/01/02 05:00:00+00,1830,18,BAYVIEW AVE,SHEPPARD AVE E,<Null>,Major Arterial,North York,"18,17","33,32",43.766577,-79.388042,Intersection,At Intersection,Traffic Signal,Clear,"Dark, artificial",Dry,Non-Fatal Injury,Turning Movement,Passenger,5 to 9,None,<Null>,<Null>,<Null>,<Null>,<Null>,<Null>,<Null>,<Null>,<Null>,<Null>,<Null>,<Null>,<Null>,<Null>,Yes,<Null>,<Null>,<Null>,<Null>,Yes,<Null>,<Null>,<Null>,<Null>,<Null>,D33,52,Bayview Village (52),11661,52
-8851390.42,5412897.341,80240650,5000938109,2015,2015/06/04 04:00:00+00,2135,21,DUNDAS ST W,ROYAL YORK RD,300 m East of,Major Arterial,Etobicoke York,"2,3",22,43.659487,-79.513393,Intersection,Non Intersection,Traffic Signal,Clear,"Dark, artificial",Dry,Non-Fatal Injury,Pedestrian Collisions,Driver,75 to 79,None,<Null>,East,"Automobile, Station Wagon",Going Ahead,Driving Properly,Normal,<Null>,<Null>,<Null>,<Null>,<Null>,<Null>,Yes,<Null>,Yes,<Null>,<Null>,<Null>,<Null>,<Null>,<Null>,<Null>,<Null>,<Null>,<Null>,D22,15,Kingsway South (15),11662,15
-8823906.194,5435780.126,80561167,5000693331,2015,2015/04/27 04:00:00+00,0,0,MCCOWAN RD,FINCH AVE E,5 m East of,Major Arterial,Scarborough,23,42,43.808016,-79.266498,Intersection,At Intersection,Traffic Signal,Clear,Dark,Dry,Non-Fatal Injury,Turning Movement,Driver,15 to 19,Minimal,<Null>,North,"Automobile, Station Wagon",Turning Left,Improper Turn,Normal,<Null>,<Null>,<Null>,<Null>,<Null>,<Null>,<Null>,<Null>,Yes,<Null>,<Null>,<Null>,<Null>,Yes,<Null>,<Null>,<Null>,<Null>,<Null>,D42,129,Agincourt North (129),11663,129
-8837436.411,5429390.209,80562663,5000009507,2015,2015/01/02 05:00:00+00,1830,18,BAYVIEW AVE,SHEPPARD AVE E,<Null>,Major Arterial,North York,"18,17","33,32",43.766577,-79.388042,Intersection,At Intersection,Traffic Signal,Clear,"Dark, artificial",Dry,Non-Fatal Injury,Turning Movement,Passenger,20 to 24,Minimal,<Null>,<Null>,<Null>,<Null>,<Null>,<Null>,<Null>,<Null>,<Null>,<Null>,<Null>,<Null>,<Null>,<Null>,Yes,<Null>,<Null>,<Null>,<Null>,Yes,<Null>,<Null>,<Null>,<Null>,<Null>,D33,52,Bayview Village (52),11665,52
-8851390.42,5412897.341,80240651,5000938109,2015,2015/06/04 04:00:00+00,2135,21,DUNDAS ST W,ROYAL YORK RD,300 m East of,Major Arterial,Etobicoke York,"2,3",22,43.659487,-79.513393,Intersection,Non Intersection,Traffic Signal,Clear,"Dark, artificial",Dry,Non-Fatal Injury,Pedestrian Collisions,Pedestrian,45 to 49,Major,<Null>,South,<Null>,<Null>,<Null>,<Null>,Vehicle is going straight thru inter.while ped cross without ROW,Crossing without right of way,Inattentive,<Null>,<Null>,<Null>,Yes,<Null>,Yes,<Null>,<Null>,<Null>,<Null>,<Null>,<Null>,<Null>,<Null>,<Null>,<Null>,D22,15,Kingsway South (15),11666,15
-8837436.411,5429390.209,80562664,5000009507,2015,2015/01/02 05:00:00+00,1830,18,BAYVIEW AVE,SHEPPARD AVE E,<Null>,Major Arterial,North York,"18,17","33,32",43.766577,-79.388042,Intersection,At Intersection,Traffic Signal,Clear,"Dark, artificial",Dry,Non-Fatal Injury,Turning Movement,Passenger,20 to 24,Minimal,<Null>,<Null>,<Null>,<Null>,<Null>,<Null>,<Null>,<Null>,<Null>,<Null>,<Null>,<Null>,<Null>,<Null>,Yes,<Null>,<Null>,<Null>,<Null>,Yes,<Null>,<Null>,<Null>,<Null>,<Null>,D33,52,Bayview Village (52),11668,52
-8823906.194,5435780.126,80561168,5000693331,2015,2015/04/27 04:00:00+00,0,0,MCCOWAN RD,FINCH AVE E,5 m East of,Major Arterial,Scarborough,23,42,43.808016,-79.266498,Intersection,At Intersection,Traffic Signal,Clear,Dark,Dry,Non-Fatal Injury,Turning Movement,Driver,25 to 29,Minimal,<Null>,South,"Automobile, Station Wagon",Going Ahead,Driving Properly,Normal,<Null>,<Null>,<Null>,<Null>,<Null>,<Null>,<Null>,<Null>,Yes,<Null>,<Null>,<Null>,<Null>,Yes,<Null>,<Null>,<Null>,<Null>,<Null>,D42,129,Agincourt North (129),11669,129
-8839007.574,5422988.388,80240865,5000955442,2015,2015/06/07 04:00:00+00,1830,18,YONGE ST,LAWRENCE AVE E,<Null>,Major Arterial,North York,"8,15","53,32",43.725032,-79.402156,Intersection,At Intersection,Traffic Signal,Clear,Daylight,Dry,Non-Fatal Injury,Cyclist Collisions,Cyclist,50 to 54,Major,<Null>,North,Bicycle,Going Ahead,<Null>,<Null>,<Null>,<Null>,<Null>,Cyclist and Driver travelling in same direction. One vehicle sideswipes the other.,Lost control,Normal,<Null>,Yes,<Null>,<Null>,<Null>,Yes,<Null>,<Null>,<Null>,<Null>,<Null>,<Null>,<Null>,D53,103,Lawrence Park South (103),11670,103
-8837436.411,5429390.209,80562665,5000009507,2015,2015/01/02 05:00:00+00,1830,18,BAYVIEW AVE,SHEPPARD AVE E,<Null>,Major Arterial,North York,"18,17","33,32",43.766577,-79.388042,Intersection,At Intersection,Traffic Signal,Clear,"Dark, artificial",Dry,Non-Fatal Injury,Turning Movement,Passenger,40 to 44,None,<Null>,<Null>,<Null>,<Null>,<Null>,<Null>,<Null>,<Null>,<Null>,<Null>,<Null>,<Null>,<Null>,<Null>,Yes,<Null>,<Null>,<Null>,<Null>,Yes,<Null>,<Null>,<Null>,<Null>,<Null>,D33,52,Bayview Village (52),11672,52
-8839007.574,5422988.388,80240866,5000955442,2015,2015/06/07 04:00:00+00,1830,18,YONGE ST,LAWRENCE AVE E,<Null>,Major Arterial,North York,"8,15","53,32",43.725032,-79.402156,Intersection,At Intersection,Traffic Signal,Clear,Daylight,Dry,Non-Fatal Injury,Cyclist Collisions,Driver,45 to 49,None,<Null>,North,Municipal Transit Bus (TTC),Going Ahead,Driving Properly,Normal,<Null>,<Null>,<Null>,<Null>,<Null>,<Null>,<Null>,Yes,<Null>,<Null>,<Null>,Yes,<Null>,<Null>,<Null>,<Null>,<Null>,<Null>,<Null>,D53,103,Lawrence Park South (103),11673,103
-8840712.098,5432630.797,80497050,5000955489,2015,2015/06/07 04:00:00+00,1850,18,YONGE ST,CUMMER AVE,38 m North of,Major Arterial,North York,18,32,43.787596,-79.417468,Mid-Block,Non Intersection,No Control,Clear,Daylight,Dry,Non-Fatal Injury,SMV Other,Driver,20 to 24,Major,<Null>,South,Pick Up Truck,Going Ahead,Lost control,Unknown,<Null>,<Null>,<Null>,<Null>,<Null>,<Null>,<Null>,<Null>,Yes,<Null>,<Null>,<Null>,<Null>,<Null>,<Null>,<Null>,<Null>,<Null>,<Null>,D32,50,Newtonbrook East (50),11674,50
-8840650.093,5410871.993,80240820,5000950977,2015,2015/06/07 04:00:00+00,2316,23,169 SHAW ST,<Null>,<Null>,Collector,Toronto and East York,10,14,43.646323,-79.416911,Mid-Block,Non Intersection,No Control,Clear,"Dark, artificial",Dry,Non-Fatal Injury,Cyclist Collisions,Cyclist,25 to 29,Major,<Null>,North,Bicycle,Going Ahead,<Null>,<Null>,<Null>,<Null>,<Null>,Cyclist strikes a parked vehicle.,Lost control,"Ability Impaired, Alcohol",<Null>,Yes,<Null>,<Null>,<Null>,<Null>,<Null>,<Null>,<Null>,<Null>,<Null>,<Null>,<Null>,D14,81,Trinity-Bellwoods (81),11675,81
-8843621.878,5413074.603,80240982,5000961885,2015,2015/06/08 04:00:00+00,1915,19,PATON RD,LANSDOWNE AVE,<Null>,Minor Arterial,Toronto and East York,9,11,43.660639,-79.443607,Intersection,At Intersection,Stop Sign,Other,Daylight,Other,Non-Fatal Injury,Angle,Driver,40 to 44,None,<Null>,East,<Null>,Going Ahead,Failed to Yield Right of Way,Unknown,<Null>,<Null>,<Null>,<Null>,<Null>,<Null>,<Null>,Yes,<Null>,<Null>,<Null>,<Null>,<Null>,<Null>,<Null>,Yes,<Null>,<Null>,<Null>,D11,93,Dovercourt-Wallace Emerson-Junction (93),11676,93
-8843621.878,5413074.603,80240983,5000961885,2015,2015/06/08 04:00:00+00,1915,19,PATON RD,LANSDOWNE AVE,<Null>,Minor Arterial,Toronto and East York,9,11,43.660639,-79.443607,Intersection,At Intersection,Stop Sign,Other,Daylight,Other,Non-Fatal Injury,Angle,Moped Driver,50 to 54,Major,<Null>,North,Moped,Going Ahead,Driving Properly,Unknown,<Null>,<Null>,<Null>,<Null>,<Null>,<Null>,<Null>,Yes,<Null>,<Null>,<Null>,<Null>,<Null>,<Null>,<Null>,Yes,<Null>,<Null>,<Null>,D11,93,Dovercourt-Wallace Emerson-Junction (93),11677,93
-8837396.447,5414886.812,80240988,5000963180,2015,2015/06/09 04:00:00+00,25,0,878 YONGE  ST,<Null>,20 m North of,Major Arterial,Toronto and East York,11,53,43.672415,-79.387683,Mid-Block,Intersection Related,No Control,Clear,"Dark, artificial",Dry,Non-Fatal Injury,Turning Movement,Driver,40 to 44,Major,<Null>,North,"Automobile, Station Wagon",Turning Left,Improper Turn,Normal,<Null>,<Null>,<Null>,<Null>,<Null>,<Null>,<Null>,<Null>,Yes,<Null>,<Null>,<Null>,<Null>,Yes,Yes,Yes,<Null>,Yes,<Null>,D53,98,Rosedale-Moore Park (98),11678,98
-8837396.447,5414886.812,80240989,5000963180,2015,2015/06/09 04:00:00+00,25,0,878 YONGE  ST,<Null>,20 m North of,Major Arterial,Toronto and East York,11,53,43.672415,-79.387683,Mid-Block,Intersection Related,No Control,Clear,"Dark, artificial",Dry,Non-Fatal Injury,Turning Movement,Driver,30 to 34,None,<Null>,South,"Automobile, Station Wagon",Going Ahead,Speed too Fast For Condition,"Ability Impaired, Alcohol Over .08",<Null>,<Null>,<Null>,<Null>,<Null>,<Null>,<Null>,<Null>,Yes,<Null>,<Null>,<Null>,<Null>,Yes,Yes,Yes,<Null>,Yes,<Null>,D53,98,Rosedale-Moore Park (98),11679,98
-8837396.447,5414886.812,80240990,5000963180,2015,2015/06/09 04:00:00+00,25,0,878 YONGE  ST,<Null>,20 m North of,Major Arterial,Toronto and East York,11,53,43.672415,-79.387683,Mid-Block,Intersection Related,No Control,Clear,"Dark, artificial",Dry,Non-Fatal Injury,Turning Movement,Passenger,40 to 44,Major,<Null>,<Null>,<Null>,<Null>,<Null>,<Null>,<Null>,<Null>,<Null>,<Null>,<Null>,<Null>,<Null>,<Null>,Yes,<Null>,<Null>,<Null>,<Null>,Yes,Yes,Yes,<Null>,Yes,<Null>,D53,98,Rosedale-Moore Park (98),11680,98
-8837396.447,5414886.812,80240991,5000963180,2015,2015/06/09 04:00:00+00,25,0,878 YONGE  ST,<Null>,20 m North of,Major Arterial,Toronto and East York,11,53,43.672415,-79.387683,Mid-Block,Intersection Related,No Control,Clear,"Dark, artificial",Dry,Non-Fatal Injury,Turning Movement,Passenger,30 to 34,None,<Null>,<Null>,<Null>,<Null>,<Null>,<Null>,<Null>,<Null>,<Null>,<Null>,<Null>,<Null>,<Null>,<Null>,Yes,<Null>,<Null>,<Null>,<Null>,Yes,Yes,Yes,<Null>,Yes,<Null>,D53,98,Rosedale-Moore Park (98),11681,98
-8838436.06,5411923.691,80241009,5000965386,2015,2015/06/09 04:00:00+00,1047,10,DUNDAS ST W,HURON ST,<Null>,Major Arterial,Toronto and East York,"11,10",52,43.653159,-79.397022,Mid-Block,Non Intersection,No Control,Clear,Daylight,Dry,Non-Fatal Injury,Rear End,Driver,45 to 49,Major,<Null>,East,"Automobile, Station Wagon",Going Ahead,Lost control,Medical or Physical Disability,<Null>,<Null>,<Null>,<Null>,<Null>,<Null>,<Null>,<Null>,Yes,<Null>,<Null>,<Null>,<Null>,Yes,<Null>,<Null>,<Null>,<Null>,Yes,D52,78,Kensington-Chinatown (78),11682,78
-8838436.06,5411923.691,80241010,5000965386,2015,2015/06/09 04:00:00+00,1047,10,DUNDAS ST W,HURON ST,<Null>,Major Arterial,Toronto and East York,"11,10",52,43.653159,-79.397022,Mid-Block,Non Intersection,No Control,Clear,Daylight,Dry,Non-Fatal Injury,Rear End,Driver,50 to 54,None,<Null>,East,"Automobile, Station Wagon",Stopped,Driving Properly,Normal,<Null>,<Null>,<Null>,<Null>,<Null>,<Null>,<Null>,<Null>,Yes,<Null>,<Null>,<Null>,<Null>,Yes,<Null>,<Null>,<Null>,<Null>,Yes,D52,78,Kensington-Chinatown (78),11683,78
-8838436.06,5411923.691,80241011,5000965386,2015,2015/06/09 04:00:00+00,1047,10,DUNDAS ST W,HURON ST,<Null>,Major Arterial,Toronto and East York,"11,10",52,43.653159,-79.397022,Mid-Block,Non Intersection,No Control,Clear,Daylight,Dry,Non-Fatal Injury,Rear End,Passenger,45 to 49,None,<Null>,<Null>,<Null>,<Null>,<Null>,<Null>,<Null>,<Null>,<Null>,<Null>,<Null>,<Null>,<Null>,<Null>,Yes,<Null>,<Null>,<Null>,<Null>,Yes,<Null>,<Null>,<Null>,<Null>,Yes,D52,78,Kensington-Chinatown (78),11684,78
-8850781.391,5428264.232,80497074,5000976277,2015,2015/06/11 04:00:00+00,24,0,FINCH AVE W,TOBERMORY DR,<Null>,Major Arterial,Etobicoke York,7,31,43.759272,-79.507922,Intersection,At Intersection,Traffic Signal,Clear,"Dark, artificial",Dry,Fatal,Cyclist Collisions,Driver,20 to 24,None,<Null>,West,"Automobile, Station Wagon",Going Ahead,Exceeding Speed Limit,"Ability Impaired, Alcohol",<Null>,<Null>,<Null>,<Null>,<Null>,<Null>,<Null>,Yes,Yes,<Null>,<Null>,<Null>,<Null>,<Null>,Yes,Yes,<Null>,Yes,<Null>,D31,25,Glenfield-Jane Heights (25),11685,25
-8850781.391,5428264.232,80497075,5000976277,2015,2015/06/11 04:00:00+00,24,0,FINCH AVE W,TOBERMORY DR,<Null>,Major Arterial,Etobicoke York,7,31,43.759272,-79.507922,Intersection,At Intersection,Traffic Signal,Clear,"Dark, artificial",Dry,Fatal,Cyclist Collisions,Cyclist,40 to 44,Fatal,28,West,Bicycle,Going Ahead,<Null>,<Null>,<Null>,<Null>,<Null>,Cyclist and Driver travelling in same direction. One vehicle rear-ended the other.,Driving Properly,Unknown,<Null>,Yes,Yes,<Null>,<Null>,<Null>,<Null>,<Null>,Yes,Yes,<Null>,Yes,<Null>,D31,25,Glenfield-Jane Heights (25),11686,25
-8840202.589,5429804.257,80008582,5000979465,2015,2015/06/11 04:00:00+00,1322,13,YONGE ST,EMPRESS AVE,<Null>,Major Arterial,North York,18,32,43.769263,-79.412891,Intersection,At Intersection,Traffic Signal,Clear,Daylight,Dry,Fatal,Pedestrian Collisions,Driver,55 to 59,None,<Null>,East,"Automobile, Station Wagon",Going Ahead,Driving Properly,Normal,<Null>,<Null>,<Null>,<Null>,<Null>,<Null>,Yes,<Null>,Yes,<Null>,<Null>,<Null>,<Null>,<Null>,<Null>,<Null>,<Null>,<Null>,<Null>,D32,51,Willowdale East (51),11687,51
-8840202.589,5429804.257,80241215,5000979465,2015,2015/06/11 04:00:00+00,1322,13,YONGE ST,EMPRESS AVE,<Null>,Major Arterial,North York,18,32,43.769263,-79.412891,Intersection,At Intersection,Traffic Signal,Clear,Daylight,Dry,Fatal,Pedestrian Collisions,Driver,60 to 64,Minor,<Null>,East,"Automobile, Station Wagon",Turning Left,Lost control,Unknown,<Null>,<Null>,<Null>,<Null>,<Null>,<Null>,Yes,<Null>,Yes,<Null>,<Null>,<Null>,<Null>,<Null>,<Null>,<Null>,<Null>,<Null>,<Null>,D32,51,Willowdale East (51),11688,51
-8840202.589,5429804.257,80241216,5000979465,2015,2015/06/11 04:00:00+00,1322,13,YONGE ST,EMPRESS AVE,<Null>,Major Arterial,North York,18,32,43.769263,-79.412891,Intersection,At Intersection,Traffic Signal,Clear,Daylight,Dry,Fatal,Pedestrian Collisions,Pedestrian,65 to 69,Fatal,29,<Null>,<Null>,<Null>,<Null>,<Null>,Pedestrian hit on sidewalk or shoulder,On Sidewalk or Shoulder,Normal,<Null>,<Null>,<Null>,Yes,<Null>,Yes,<Null>,<Null>,<Null>,<Null>,<Null>,<Null>,<Null>,<Null>,<Null>,<Null>,D32,51,Willowdale East (51),11689,51
-8840202.589,5429804.257,80241217,5000979465,2015,2015/06/11 04:00:00+00,1322,13,YONGE ST,EMPRESS AVE,<Null>,Major Arterial,North York,18,32,43.769263,-79.412891,Intersection,At Intersection,Traffic Signal,Clear,Daylight,Dry,Fatal,Pedestrian Collisions,Pedestrian,55 to 59,Major,<Null>,<Null>,<Null>,<Null>,<Null>,<Null>,Pedestrian hit on sidewalk or shoulder,On Sidewalk or Shoulder,Unknown,<Null>,<Null>,<Null>,Yes,<Null>,Yes,<Null>,<Null>,<Null>,<Null>,<Null>,<Null>,<Null>,<Null>,<Null>,<Null>,D32,51,Willowdale East (51),11690,51