X,Y,INDEX_,ACCNUM,YEAR,DATE,TIME,HOUR,STREET1,STREET2,OFFSET,ROAD_CLASS,DISTRICT,WARDNUM,DIVISION,LATITUDE,LONGITUDE,LOCCOORD,ACCLOC,TRAFFCTL,VISIBILITY,LIGHT,RDSFCOND,ACCLASS,IMPACTYPE,INVTYPE,INVAGE,INJURY,FATAL_NO,INITDIR,VEHTYPE,MANOEUVER,DRIVACT,DRIVCOND,PEDTYPE,PEDACT,PEDCOND,CYCLISTYPE,CYCACT,CYCCOND,PEDESTRIAN,CYCLIST,AUTOMOBILE,MOTORCYCLE,TRUCK,TRSN_CITY_VEH,EMERG_VEH,PASSENGER,SPEEDING,AG_DRIV,REDLIGHT,ALCOHOL,DISABILITY,POLICE_DIVISION,HOOD_ID,NEIGHBOURHOOD,ObjectId,VEHICLES_IN_STREET
-8840202.589,5429804.257,80241218,5000979465,2015,2015/06/11 04:00:00+00,1322,13,YONGE ST,EMPRESS AVE,<Null>,Major Arterial,North York,18,32,43.769263,-79.412891,Intersection,At Intersection,Traffic Signal,Clear,Daylight,Dry,Fatal,Pedestrian Collisions,Pedestrian,65 to 69,Major,<Null>,<Null>,<Null>,<Null>,<Null>,<Null>,Pedestrian hit on sidewalk or shoulder,On Sidewalk or Shoulder,Unknown,<Null>,<Null>,<Null>,Yes,<Null>,Yes,<Null>,<Null>,<Null>,<Null>,<Null>,<Null>,<Null>,<Null>,<Null>,<Null>,D32,51,Willowdale East (51),11691,51
-8840202.589,5429804.257,80241219,5000979465,2015,2015/06/11 04:00:00+00,1322,13,YONGE ST,EMPRESS AVE,<Null>,Major Arterial,North York,18,32,43.769263,-79.412891,Intersection,At Intersection,Traffic Signal,Clear,Daylight,Dry,Fatal,Pedestrian Collisions,Pedestrian,55 to 59,Minor,<Null>,<Null>,<Null>,<Null>,<Null>,<Null>,Pedestrian hit on sidewalk or shoulder,On Sidewalk or Shoulder,Unknown,<Null>,<Null>,<Null>,Yes,<Null>,Yes,<Null>,<Null>,<Null>,<Null>,<Null>,<Null>,<Null>,<Null>,<Null>,<Null>,D32,51,Willowdale East (51),11692,51
-8828832.082,5416174.471,80241584,5000997483,2015,2015/06/12 04:00:00+00,530,5,GERRARD ST E,WOODBINE AVE,1 m East of,Major Arterial,Toronto and East York,19,55,43.680781,-79.310748,Intersection,Intersection Related,Traffic Signal,Clear,"Dark, artificial",Dry,Non-Fatal Injury,Other,Driver,40 to 44,None,<Null>,West,"Automobile, Station Wagon",Going Ahead,Other,Normal,<Null>,<Null>,<Null>,<Null>,<Null>,<Null>,<Null>,<Null>,Yes,<Null>,<Null>,<Null>,<Null>,Yes,<Null>,<Null>,<Null>,<Null>,<Null>,D55,62,East End-Danforth (62),11693,62
-8828832.082,5416174.471,80241585,5000997483,2015,2015/06/12 04:00:00+00,530,5,GERRARD ST E,WOODBINE AVE,1 m East of,Major Arterial,Toronto and East York,19,55,43.680781,-79.310748,Intersection,Intersection Related,Traffic Signal,Clear,"Dark, artificial",Dry,Non-Fatal Injury,Other,Passenger,25 to 29,Major,<Null>,<Null>,<Null>,<Null>,<Null>,<Null>,<Null>,<Null>,<Null>,<Null>,<Null>,<Null>,<Null>,<Null>,Yes,<Null>,<Null>,<Null>,<Null>,Yes,<Null>,<Null>,<Null>,<Null>,<Null>,D55,62,East End-Danforth (62),11694,62
-8851434.503,5422184.487,80241307,5000984230,2015,2015/06/12 04:00:00+00,756,7,WILSON AVE,DALLNER RD,<Null>,Major Arterial,Etobicoke York,7,31,43.719813,-79.513789,Intersection,At Intersection,Stop Sign,Clear,Daylight,Dry,Non-Fatal Injury,Turning Movement,Driver,25 to 29,Major,<Null>,South,"Automobile, Station Wagon",Turning Left,Failed to Yield Right of Way,Inattentive,<Null>,<Null>,<Null>,<Null>,<Null>,<Null>,<Null>,<Null>,Yes,<Null>,<Null>,<Null>,<Null>,<Null>,<Null>,Yes,<Null>,<Null>,<Null>,D31,26,Downsview-Roding-CFB (26),11695,26
-8851434.503,5422184.487,80241308,5000984230,2015,2015/06/12 04:00:00+00,756,7,WILSON AVE,DALLNER RD,<Null>,Major Arterial,Etobicoke York,7,31,43.719813,-79.513789,Intersection,At Intersection,Stop Sign,Clear,Daylight,Dry,Non-Fatal Injury,Turning Movement,Driver,45 to 49,Minor,<Null>,West,"Automobile, Station Wagon",Going Ahead,Driving Properly,Normal,<Null>,<Null>,<Null>,<Null>,<Null>,<Null>,<Null>,<Null>,Yes,<Null>,<Null>,<Null>,<Null>,<Null>,<Null>,Yes,<Null>,<Null>,<Null>,D31,26,Downsview-Roding-CFB (26),11696,26
-8850174.143,5407230.13,80000147,5000989979,2015,2015/06/13 04:00:00+00,300,3,F G GARDINER XY  W,ROYAL YORK RD,<Null>,<Null>,Etobicoke York,3,22,43.622645,-79.502467,Mid-Block,<Null>,No Control,Rain,Dark,Wet,Fatal,SMV Other,Driver,20 to 24,Fatal,30,West,"Automobile, Station Wagon",Going Ahead,Exceeding Speed Limit,Unknown,<Null>,<Null>,<Null>,<Null>,<Null>,<Null>,<Null>,<Null>,Yes,<Null>,<Null>,<Null>,<Null>,<Null>,Yes,Yes,<Null>,<Null>,<Null>,D22,16,Stonegate-Queensway (16),11697,16
-8837022.747,5432490.32,80632023,5000992370,2015,2015/06/13 04:00:00+00,1423,14,FINCH AVE E,PAGE AVE,<Null>,Major Arterial,North York,17,33,43.786685,-79.384326,Intersection,At Intersection,Stop Sign,Clear,Daylight,Dry,Non-Fatal Injury,Cyclist Collisions,Driver,85 to 89,None,<Null>,North,"Automobile, Station Wagon",Turning Right,Failed to Yield Right of Way,Inattentive,<Null>,<Null>,<Null>,<Null>,<Null>,<Null>,<Null>,Yes,Yes,<Null>,<Null>,<Null>,<Null>,Yes,<Null>,Yes,<Null>,<Null>,<Null>,D33,52,Bayview Village (52),11698,52
-8837022.747,5432490.32,80632024,5000992370,2015,2015/06/13 04:00:00+00,1423,14,FINCH AVE E,PAGE AVE,<Null>,Major Arterial,North York,17,33,43.786685,-79.384326,Intersection,At Intersection,Stop Sign,Clear,Daylight,Dry,Non-Fatal Injury,Cyclist Collisions,Cyclist,45 to 49,Major,<Null>,East,Bicycle,Going Ahead,<Null>,<Null>,<Null>,<Null>,<Null>,"Motorist turns right at non-signal Inter.(stop, yield, no cont.,and dwy) and strikes cyclist.",Driving Properly,Normal,<Null>,Yes,Yes,<Null>,<Null>,<Null>,<Null>,Yes,<Null>,Yes,<Null>,<Null>,<Null>,D33,52,Bayview Village (52),11699,52
-8837022.747,5432490.32,80632025,5000992370,2015,2015/06/13 04:00:00+00,1423,14,FINCH AVE E,PAGE AVE,<Null>,Major Arterial,North York,17,33,43.786685,-79.384326,Intersection,At Intersection,Stop Sign,Clear,Daylight,Dry,Non-Fatal Injury,Cyclist Collisions,Passenger,80 to 84,None,<Null>,<Null>,<Null>,<Null>,<Null>,<Null>,<Null>,<Null>,<Null>,<Null>,<Null>,<Null>,<Null>,Yes,Yes,<Null>,<Null>,<Null>,<Null>,Yes,<Null>,Yes,<Null>,<Null>,<Null>,D33,52,Bayview Village (52),11700,52
-8838388.415,5415240.338,80497099,5000995174,2015,2015/06/13 04:00:00+00,2320,23,AVENUE RD,DAVENPORT RD,<Null>,Major Arterial,Toronto and East York,11,53,43.674712,-79.396594,Intersection,At Intersection,Traffic Signal,Clear,"Dark, artificial",Dry,Fatal,Cyclist Collisions,Cyclist,25 to 29,Fatal,31,South,Bicycle,Turning Left,<Null>,<Null>,<Null>,<Null>,<Null>,Cyclist turned left across motorists path.,Failed to Yield Right of Way,Normal,<Null>,Yes,Yes,<Null>,<Null>,<Null>,<Null>,<Null>,<Null>,<Null>,<Null>,<Null>,<Null>,D53,95,Annex (95),11701,95
-8838388.415,5415240.338,80497100,5000995174,2015,2015/06/13 04:00:00+00,2320,23,AVENUE RD,DAVENPORT RD,<Null>,Major Arterial,Toronto and East York,11,53,43.674712,-79.396594,Intersection,At Intersection,Traffic Signal,Clear,"Dark, artificial",Dry,Fatal,Cyclist Collisions,Driver,15 to 19,None,<Null>,North,"Automobile, Station Wagon",Going Ahead,Other,Unknown,<Null>,<Null>,<Null>,<Null>,<Null>,<Null>,<Null>,Yes,Yes,<Null>,<Null>,<Null>,<Null>,<Null>,<Null>,<Null>,<Null>,<Null>,<Null>,D53,95,Annex (95),11702,95
-8848028.015,5418109.992,80632026,5000998310,2015,2015/06/14 04:00:00+00,1409,14,TRETHEWEY DR,CLEARVIEW HTS,5 m West of,Minor Arterial,Etobicoke York,5,12,43.693354,-79.483188,Intersection,At Intersection,No Control,Rain,Daylight,Wet,Non-Fatal Injury,Approaching,Driver,50 to 54,None,<Null>,West,"Automobile, Station Wagon",Going Ahead,Speed too Fast For Condition,Inattentive,<Null>,<Null>,<Null>,<Null>,<Null>,<Null>,<Null>,<Null>,Yes,<Null>,<Null>,<Null>,<Null>,Yes,Yes,Yes,<Null>,<Null>,<Null>,D12,112,Beechborough-Greenbrook (112),11703,112
-8848028.015,5418109.992,80632027,5000998310,2015,2015/06/14 04:00:00+00,1409,14,TRETHEWEY DR,CLEARVIEW HTS,5 m West of,Minor Arterial,Etobicoke York,5,12,43.693354,-79.483188,Intersection,At Intersection,No Control,Rain,Daylight,Wet,Non-Fatal Injury,Approaching,Driver,25 to 29,Major,<Null>,East,"Automobile, Station Wagon",Going Ahead,Driving Properly,Normal,<Null>,<Null>,<Null>,<Null>,<Null>,<Null>,<Null>,<Null>,Yes,<Null>,<Null>,<Null>,<Null>,Yes,Yes,Yes,<Null>,<Null>,<Null>,D12,112,Beechborough-Greenbrook (112),11704,112
-8848028.015,5418109.992,80632028,5000998310,2015,2015/06/14 04:00:00+00,1409,14,TRETHEWEY DR,CLEARVIEW HTS,5 m West of,Minor Arterial,Etobicoke York,5,12,43.693354,-79.483188,Intersection,At Intersection,No Control,Rain,Daylight,Wet,Non-Fatal Injury,Approaching,Passenger,20 to 24,Minor,<Null>,<Null>,<Null>,<Null>,<Null>,<Null>,<Null>,<Null>,<Null>,<Null>,<Null>,<Null>,<Null>,<Null>,Yes,<Null>,<Null>,<Null>,<Null>,Yes,Yes,Yes,<Null>,<Null>,<Null>,D12,112,Beechborough-Greenbrook (112),11705,112
-8835705.504,5418936.48,80241719,5001008776,2015,2015/06/16 04:00:00+00,715,7,BAYVIEW AVE,SUTHERLAND DR,<Null>,Major Arterial,North York,15,53,43.698722,-79.372493,Intersection,At Intersection,Stop Sign,Rain,Dawn,Wet,Non-Fatal Injury,Turning Movement,Driver,30 to 34,None,<Null>,North,Municipal Transit Bus (TTC),Going Ahead,Speed too Fast For Condition,Normal,<Null>,<Null>,<Null>,<Null>,<Null>,<Null>,<Null>,<Null>,<Null>,Yes,<Null>,Yes,<Null>,<Null>,Yes,Yes,<Null>,<Null>,<Null>,D53,56,Leaside-Bennington (56),11706,56
-8835705.504,5418936.48,80241720,5001008776,2015,2015/06/16 04:00:00+00,715,7,BAYVIEW AVE,SUTHERLAND DR,<Null>,Major Arterial,North York,15,53,43.698722,-79.372493,Intersection,At Intersection,Stop Sign,Rain,Dawn,Wet,Non-Fatal Injury,Turning Movement,Motorcycle Driver,30 to 34,Major,<Null>,West,Motorcycle,Turning Left,Failed to Yield Right of Way,Normal,<Null>,<Null>,<Null>,<Null>,<Null>,<Null>,<Null>,<Null>,<Null>,Yes,<Null>,Yes,<Null>,<Null>,Yes,Yes,<Null>,<Null>,<Null>,D53,56,Leaside-Bennington (56),11707,56
-8840959.227,5424388.72,80241902,5001021761,2015,2015/06/16 04:00:00+00,900,9,AVENUE RD,FELBRIGG AVE,<Null>,Major Arterial,North York,8,32,43.734122,-79.419688,Intersection,At Intersection,No Control,Clear,Daylight,Dry,Non-Fatal Injury,Pedestrian Collisions,Driver,unknown,None,<Null>,South,"Automobile, Station Wagon",Turning Left,Failed to Yield Right of Way,Unknown,<Null>,<Null>,<Null>,<Null>,<Null>,<Null>,Yes,<Null>,Yes,<Null>,<Null>,<Null>,<Null>,<Null>,<Null>,Yes,<Null>,<Null>,<Null>,D32,39,Bedford Park-Nortown (39),11708,39
-8840959.227,5424388.72,80241903,5001021761,2015,2015/06/16 04:00:00+00,900,9,AVENUE RD,FELBRIGG AVE,<Null>,Major Arterial,North York,8,32,43.734122,-79.419688,Intersection,At Intersection,No Control,Clear,Daylight,Dry,Non-Fatal Injury,Pedestrian Collisions,Pedestrian,35 to 39,Major,<Null>,South,<Null>,<Null>,<Null>,<Null>,Vehicle turns left while ped crosses with ROW at inter.,Crossing with right of way,Normal,<Null>,<Null>,<Null>,Yes,<Null>,Yes,<Null>,<Null>,<Null>,<Null>,<Null>,<Null>,Yes,<Null>,<Null>,<Null>,D32,39,Bedford Park-Nortown (39),11709,39
-8860951.762,5427188.325,80241773,5001012309,2015,2015/06/16 04:00:00+00,1724,17,MARTIN GROVE RD,ROYALCREST RD,11 m South of,Minor Arterial,Etobicoke York,1,23,43.752291,-79.599284,Intersection,Intersection Related,No Control,Clear,Daylight,Dry,Non-Fatal Injury,Pedestrian Collisions,Driver,20 to 24,None,<Null>,South,"Automobile, Station Wagon",Slowing or Stopping,Driving Properly,Normal,<Null>,<Null>,<Null>,<Null>,<Null>,<Null>,Yes,<Null>,Yes,<Null>,<Null>,<Null>,<Null>,Yes,<Null>,<Null>,<Null>,<Null>,<Null>,D23,2,Mount Olive-Silverstone-Jamestown (2),11710,2
-8860951.762,5427188.325,80241774,5001012309,2015,2015/06/16 04:00:00+00,1724,17,MARTIN GROVE RD,ROYALCREST RD,11 m South of,Minor Arterial,Etobicoke York,1,23,43.752291,-79.599284,Intersection,Intersection Related,No Control,Clear,Daylight,Dry,Non-Fatal Injury,Pedestrian Collisions,Passenger,20 to 24,None,<Null>,<Null>,<Null>,<Null>,<Null>,<Null>,<Null>,<Null>,<Null>,<Null>,<Null>,<Null>,Yes,<Null>,Yes,<Null>,<Null>,<Null>,<Null>,Yes,<Null>,<Null>,<Null>,<Null>,<Null>,D23,2,Mount Olive-Silverstone-Jamestown (2),11711,2
-8860951.762,5427188.325,80241775,5001012309,2015,2015/06/16 04:00:00+00,1724,17,MARTIN GROVE RD,ROYALCREST RD,11 m South of,Minor Arterial,Etobicoke York,1,23,43.752291,-79.599284,Intersection,Intersection Related,No Control,Clear,Daylight,Dry,Non-Fatal Injury,Pedestrian Collisions,Pedestrian,30 to 34,Major,<Null>,Unknown,<Null>,<Null>,<Null>,<Null>,Pedestrian hit at mid-block,"Crossing, no Traffic Control",Inattentive,<Null>,<Null>,<Null>,Yes,<Null>,Yes,<Null>,<Null>,<Null>,<Null>,Yes,<Null>,<Null>,<Null>,<Null>,<Null>,D23,2,Mount Olive-Silverstone-Jamestown (2),11712,2
-8834580.175,5416492.797,80486005,5001013446,2015,2015/06/16 04:00:00+00,2049,20,BAYVIEW BLOOR DVP RAMP,DON VALLEY PARKWAY  N,<Null>,<Null>,Toronto and East York,14,54,43.682849,-79.362384,Mid-Block,Underpass or Tunnel,No Control,Clear,Dusk,Dry,Non-Fatal Injury,SMV Other,Motorcycle Driver,35 to 39,Major,<Null>,West,Motorcycle,Going Ahead,Lost control,Normal,<Null>,<Null>,<Null>,<Null>,<Null>,<Null>,<Null>,<Null>,<Null>,Yes,<Null>,<Null>,<Null>,<Null>,<Null>,<Null>,<Null>,<Null>,<Null>,D54,57,Broadview North (57),11713,57
-8836211.673,5430112.416,80241811,5001016196,2015,2015/06/17 04:00:00+00,830,8,ARROWSTOOK RD,BURBANK DR,<Null>,Local,North York,17,33,43.771262,-79.37704,Intersection,At Intersection,Stop Sign,Clear,Daylight,Dry,Non-Fatal Injury,Cyclist Collisions,Driver,35 to 39,None,<Null>,West,"Automobile, Station Wagon",Turning Right,Other,Unknown,<Null>,<Null>,<Null>,<Null>,<Null>,<Null>,<Null>,Yes,Yes,<Null>,<Null>,<Null>,<Null>,Yes,<Null>,<Null>,<Null>,<Null>,<Null>,D33,52,Bayview Village (52),11714,52
-8836211.673,5430112.416,80241812,5001016196,2015,2015/06/17 04:00:00+00,830,8,ARROWSTOOK RD,BURBANK DR,<Null>,Local,North York,17,33,43.771262,-79.37704,Intersection,At Intersection,Stop Sign,Clear,Daylight,Dry,Non-Fatal Injury,Cyclist Collisions,Cyclist,60 to 64,Major,<Null>,South,Bicycle,Going Ahead,<Null>,<Null>,<Null>,<Null>,<Null>,"Cyclist without ROW rides into path of motorist at inter, lnwy, dwy-Cyclist not turn.",Failed to Yield Right of Way,Inattentive,<Null>,Yes,Yes,<Null>,<Null>,<Null>,<Null>,Yes,<Null>,<Null>,<Null>,<Null>,<Null>,D33,52,Bayview Village (52),11715,52
-8836211.673,5430112.416,80241813,5001016196,2015,2015/06/17 04:00:00+00,830,8,ARROWSTOOK RD,BURBANK DR,<Null>,Local,North York,17,33,43.771262,-79.37704,Intersection,At Intersection,Stop Sign,Clear,Daylight,Dry,Non-Fatal Injury,Cyclist Collisions,Passenger,0 to 4,None,<Null>,<Null>,<Null>,<Null>,<Null>,<Null>,<Null>,<Null>,<Null>,<Null>,<Null>,<Null>,<Null>,Yes,Yes,<Null>,<Null>,<Null>,<Null>,Yes,<Null>,<Null>,<Null>,<Null>,<Null>,D33,52,Bayview Village (52),11716,52
-8836211.673,5430112.416,80241814,5001016196,2015,2015/06/17 04:00:00+00,830,8,ARROWSTOOK RD,BURBANK DR,<Null>,Local,North York,17,33,43.771262,-79.37704,Intersection,At Intersection,Stop Sign,Clear,Daylight,Dry,Non-Fatal Injury,Cyclist Collisions,Passenger,5 to 9,None,<Null>,<Null>,<Null>,<Null>,<Null>,<Null>,<Null>,<Null>,<Null>,<Null>,<Null>,<Null>,<Null>,Yes,Yes,<Null>,<Null>,<Null>,<Null>,Yes,<Null>,<Null>,<Null>,<Null>,<Null>,D33,52,Bayview Village (52),11717,52
-8835911,5413423.29,80242116,5001034900,2015,2015/06/20 04:00:00+00,155,1,CARLTON ST,HOMEWOOD AVE,<Null>,Minor Arterial,Toronto and East York,13,51,43.662905,-79.374339,Intersection,At Intersection,Stop Sign,Clear,"Dark, artificial",Dry,Non-Fatal Injury,Cyclist Collisions,Cyclist,40 to 44,Major,<Null>,South,Bicycle,Going Ahead,<Null>,<Null>,<Null>,<Null>,<Null>,"Cyclist without ROW rides into path of motorist at inter, lnwy, dwy-Cyclist not turn.",Disobeyed Traffic Control,Had Been Drinking,<Null>,Yes,Yes,<Null>,<Null>,<Null>,<Null>,<Null>,<Null>,<Null>,<Null>,<Null>,<Null>,D51,73,Moss Park (73),11718,73
-8835911,5413423.29,80242117,5001034900,2015,2015/06/20 04:00:00+00,155,1,CARLTON ST,HOMEWOOD AVE,<Null>,Minor Arterial,Toronto and East York,13,51,43.662905,-79.374339,Intersection,At Intersection,Stop Sign,Clear,"Dark, artificial",Dry,Non-Fatal Injury,Cyclist Collisions,Driver,40 to 44,None,<Null>,East,"Automobile, Station Wagon",Going Ahead,Driving Properly,Normal,<Null>,<Null>,<Null>,<Null>,<Null>,<Null>,<Null>,Yes,Yes,<Null>,<Null>,<Null>,<Null>,<Null>,<Null>,<Null>,<Null>,<Null>,<Null>,D51,73,Moss Park (73),11719,73
-8845275.418,5414006.824,80242348,5001050877,2015,2015/06/22 04:00:00+00,1554,15,6 CARIBOO AVE,<Null>,<Null>,Local,Toronto and East York,9,11,43.666697,-79.458461,Mid-Block,At/Near Private Drive,No Control,Clear,Daylight,Dry,Non-Fatal Injury,Pedestrian Collisions,Driver,70 to 74,None,<Null>,North,"Automobile, Station Wagon",Going Ahead,Lost control,Normal,<Null>,<Null>,<Null>,<Null>,<Null>,<Null>,Yes,<Null>,Yes,<Null>,<Null>,<Null>,<Null>,<Null>,Yes,Yes,<Null>,<Null>,<Null>,D11,93,Dovercourt-Wallace Emerson-Junction (93),11720,93
-8845275.418,5414006.824,80242349,5001050877,2015,2015/06/22 04:00:00+00,1554,15,6 CARIBOO AVE,<Null>,<Null>,Local,Toronto and East York,9,11,43.666697,-79.458461,Mid-Block,At/Near Private Drive,No Control,Clear,Daylight,Dry,Non-Fatal Injury,Pedestrian Collisions,Pedestrian,45 to 49,Major,<Null>,Unknown,<Null>,<Null>,<Null>,<Null>,Pedestrian hit at private driveway,Other,Unknown,<Null>,<Null>,<Null>,Yes,<Null>,Yes,<Null>,<Null>,<Null>,<Null>,<Null>,Yes,Yes,<Null>,<Null>,<Null>,D11,93,Dovercourt-Wallace Emerson-Junction (93),11721,93
-8829644.046,5414498.825,80242504,5001063670,2015,2015/06/24 04:00:00+00,1325,13,COXWELL AVE,ROBBINS AVE,5 m South of,Minor Arterial,Toronto and East York,"14,19",55,43.669894,-79.318042,Intersection,Non Intersection,No Control,Clear,Daylight,Dry,Non-Fatal Injury,Cyclist Collisions,Cyclist,25 to 29,Major,<Null>,South,Bicycle,Going Ahead,<Null>,<Null>,<Null>,<Null>,<Null>,Cyclist falls off bike - no contact with motorist.,Driving Properly,Normal,<Null>,Yes,<Null>,<Null>,<Null>,<Null>,<Null>,<Null>,<Null>,<Null>,<Null>,<Null>,<Null>,D55,64,Woodbine Corridor (64),11722,64
-8838791.837,5412724.237,80242652,5001074217,2015,2015/06/26 04:00:00+00,405,4,457 SPADINA AVE,<Null>,18 m East of,Major Arterial,Toronto and East York,11,"52,14",43.658362,-79.400218,Mid-Block,Non Intersection,No Control,Clear,"Dark, artificial",Dry,Non-Fatal Injury,Pedestrian Collisions,Truck Driver,30 to 34,None,<Null>,East,Truck - Dump,Going Ahead,Driving Properly,Unknown,<Null>,<Null>,<Null>,<Null>,<Null>,<Null>,Yes,<Null>,<Null>,<Null>,Yes,<Null>,<Null>,<Null>,<Null>,<Null>,<Null>,<Null>,<Null>,D52,79,University (79),11723,79
-8838791.837,5412724.237,80242653,5001074217,2015,2015/06/26 04:00:00+00,405,4,457 SPADINA AVE,<Null>,18 m East of,Major Arterial,Toronto and East York,11,"52,14",43.658362,-79.400218,Mid-Block,Non Intersection,No Control,Clear,"Dark, artificial",Dry,Non-Fatal Injury,Pedestrian Collisions,Pedestrian,60 to 64,Major,<Null>,Unknown,<Null>,<Null>,<Null>,<Null>,Pedestrian hit at private driveway,On Sidewalk or Shoulder,Other,<Null>,<Null>,<Null>,Yes,<Null>,<Null>,<Null>,Yes,<Null>,<Null>,<Null>,<Null>,<Null>,<Null>,<Null>,<Null>,D52,79,University (79),11724,79
-8833570.396,5430491.193,80242708,5001077682,2015,2015/06/26 04:00:00+00,1652,16,SHEPPARD AVE E,SHAUGHNESSY BLVD,5 m West of,Major Arterial,North York,17,33,43.773719,-79.353313,Intersection,Intersection Related,Traffic Signal,Clear,Daylight,Dry,Non-Fatal Injury,Turning Movement,Motorcycle Driver,60 to 64,Major,<Null>,West,Motorcycle,Turning Left,Improper Turn,Normal,<Null>,<Null>,<Null>,<Null>,<Null>,<Null>,<Null>,<Null>,Yes,Yes,<Null>,<Null>,<Null>,Yes,<Null>,<Null>,<Null>,<Null>,<Null>,D33,53,Henry Farm (53),11725,53
-8833570.396,5430491.193,80242709,5001077682,2015,2015/06/26 04:00:00+00,1652,16,SHEPPARD AVE E,SHAUGHNESSY BLVD,5 m West of,Major Arterial,North York,17,33,43.773719,-79.353313,Intersection,Intersection Related,Traffic Signal,Clear,Daylight,Dry,Non-Fatal Injury,Turning Movement,Driver,25 to 29,None,<Null>,East,"Automobile, Station Wagon",Going Ahead,Driving Properly,Normal,<Null>,<Null>,<Null>,<Null>,<Null>,<Null>,<Null>,<Null>,Yes,Yes,<Null>,<Null>,<Null>,Yes,<Null>,<Null>,<Null>,<Null>,<Null>,D33,53,Henry Farm (53),11726,53
-8833570.396,5430491.193,80242710,5001077682,2015,2015/06/26 04:00:00+00,1652,16,SHEPPARD AVE E,SHAUGHNESSY BLVD,5 m West of,Major Arterial,North York,17,33,43.773719,-79.353313,Intersection,Intersection Related,Traffic Signal,Clear,Daylight,Dry,Non-Fatal Injury,Turning Movement,Passenger,25 to 29,None,<Null>,<Null>,<Null>,<Null>,<Null>,<Null>,<Null>,<Null>,<Null>,<Null>,<Null>,<Null>,<Null>,<Null>,Yes,Yes,<Null>,<Null>,<Null>,Yes,<Null>,<Null>,<Null>,<Null>,<Null>,D33,53,Henry Farm (53),11727,53
-8843959.844,5417102.849,80143414,5001079056,2015,2015/06/26 04:00:00+00,2150,21,2058 DUFFERIN ST,<Null>,<Null>,Major Arterial,Toronto and East York,"9,12",13,43.686812,-79.446643,Mid-Block,<Null>,No Control,Clear,"Dark, artificial",Dry,Fatal,Pedestrian Collisions,Pedestrian,80 to 84,Fatal,32,West,<Null>,<Null>,<Null>,<Null>,Pedestrian hit at mid-block,"Crossing, no Traffic Control",Normal,<Null>,<Null>,<Null>,Yes,<Null>,Yes,<Null>,<Null>,<Null>,<Null>,<Null>,<Null>,<Null>,<Null>,<Null>,<Null>,D13,107,Oakwood Village (107),11728,107
-8843959.844,5417102.849,80143419,5001079056,2015,2015/06/26 04:00:00+00,2150,21,2058 DUFFERIN ST,<Null>,<Null>,Major Arterial,Toronto and East York,"9,12",13,43.686812,-79.446643,Mid-Block,<Null>,No Control,Clear,"Dark, artificial",Dry,Fatal,Pedestrian Collisions,Driver,60 to 64,None,<Null>,South,"Automobile, Station Wagon",Going Ahead,Driving Properly,Had Been Drinking,<Null>,<Null>,<Null>,<Null>,<Null>,<Null>,Yes,<Null>,Yes,<Null>,<Null>,<Null>,<Null>,<Null>,<Null>,<Null>,<Null>,<Null>,<Null>,D13,107,Oakwood Village (107),11729,107
-8843676.202,5409348.659,80631965,5001088565,2015,2015/06/28 04:00:00+00,1539,15,1491 LAKE SHORE BLVD W,<Null>,100 m West of,Major Arterial,Toronto and East York,4,14,43.63642,-79.444095,Mid-Block,Non Intersection,No Control,Rain,Daylight,Wet,Non-Fatal Injury,SMV Other,Driver,20 to 24,Major,<Null>,East,"Automobile, Station Wagon",Changing Lanes,Speed too Fast For Condition,Inattentive,<Null>,<Null>,<Null>,<Null>,<Null>,<Null>,<Null>,<Null>,Yes,<Null>,<Null>,<Null>,<Null>,Yes,Yes,Yes,<Null>,<Null>,<Null>,D14,85,South Parkdale (85),11730,85
-8843676.202,5409348.659,80631966,5001088565,2015,2015/06/28 04:00:00+00,1539,15,1491 LAKE SHORE BLVD W,<Null>,100 m West of,Major Arterial,Toronto and East York,4,14,43.63642,-79.444095,Mid-Block,Non Intersection,No Control,Rain,Daylight,Wet,Non-Fatal Injury,SMV Other,Passenger,20 to 24,Minor,<Null>,<Null>,<Null>,<Null>,<Null>,<Null>,<Null>,<Null>,<Null>,<Null>,<Null>,<Null>,<Null>,<Null>,Yes,<Null>,<Null>,<Null>,<Null>,Yes,Yes,Yes,<Null>,<Null>,<Null>,D14,85,South Parkdale (85),11731,85
-8843676.202,5409348.659,80631967,5001088565,2015,2015/06/28 04:00:00+00,1539,15,1491 LAKE SHORE BLVD W,<Null>,100 m West of,Major Arterial,Toronto and East York,4,14,43.63642,-79.444095,Mid-Block,Non Intersection,No Control,Rain,Daylight,Wet,Non-Fatal Injury,SMV Other,Passenger,20 to 24,Minor,<Null>,<Null>,<Null>,<Null>,<Null>,<Null>,<Null>,<Null>,<Null>,<Null>,<Null>,<Null>,<Null>,<Null>,Yes,<Null>,<Null>,<Null>,<Null>,Yes,Yes,Yes,<Null>,<Null>,<Null>,D14,85,South Parkdale (85),11732,85