X,Y,INDEX_,ACCNUM,YEAR,DATE,TIME,HOUR,STREET1,STREET2,OFFSET,ROAD_CLASS,DISTRICT,WARDNUM,DIVISION,LATITUDE,LONGITUDE,LOCCOORD,ACCLOC,TRAFFCTL,VISIBILITY,LIGHT,RDSFCOND,ACCLASS,IMPACTYPE,INVTYPE,INVAGE,INJURY,FATAL_NO,INITDIR,VEHTYPE,MANOEUVER,DRIVACT,DRIVCOND,PEDTYPE,PEDACT,PEDCOND,CYCLISTYPE,CYCACT,CYCCOND,PEDESTRIAN,CYCLIST,AUTOMOBILE,MOTORCYCLE,TRUCK,TRSN_CITY_VEH,EMERG_VEH,PASSENGER,SPEEDING,AG_DRIV,REDLIGHT,ALCOHOL,DISABILITY,POLICE_DIVISION,HOOD_ID,NEIGHBOURHOOD,ObjectId,VEHICLES_IN_STREET
-8826668.921,5429213.866,8000333,5000160956,2015,2015/01/28 05:00:00+00,617,6,1792 BIRCHMOUNT RD,<Null>,<Null>,Major Arterial,Scarborough,21,41,43.765433,-79.291316,Mid-Block,<Null>,No Control,Clear,Dark,Dry,Fatal,Pedestrian Collisions,Pedestrian,55 to 59,Fatal,3,West,<Null>,<Null>,<Null>,<Null>,Pedestrian hit at mid-block,"Crossing, no Traffic Control",Inattentive,<Null>,<Null>,<Null>,Yes,<Null>,Yes,<Null>,<Null>,<Null>,<Null>,<Null>,<Null>,<Null>,<Null>,<Null>,<Null>,D41,126,Dorset Park (126),11940,126
-8826668.921,5429213.866,8000334,5000160956,2015,2015/01/28 05:00:00+00,617,6,1792 BIRCHMOUNT RD,<Null>,<Null>,Major Arterial,Scarborough,21,41,43.765433,-79.291316,Mid-Block,<Null>,No Control,Clear,Dark,Dry,Fatal,Pedestrian Collisions,Driver,55 to 59,None,<Null>,North,"Automobile, Station Wagon",Going Ahead,Driving Properly,Normal,<Null>,<Null>,<Null>,<Null>,<Null>,<Null>,Yes,<Null>,Yes,<Null>,<Null>,<Null>,<Null>,<Null>,<Null>,<Null>,<Null>,<Null>,<Null>,D41,126,Dorset Park (126),11941,126
-8826387.84,5435629.575,80229387,5000163823,2015,2015/01/28 05:00:00+00,1450,14,MIDLAND AVE,SILVER STAR BLVD,<Null>,Major Arterial,Scarborough,"22,23",42,43.80704,-79.288791,Intersection,At Intersection,Traffic Signal,Clear,Daylight,Dry,Non-Fatal Injury,Pedestrian Collisions,Driver,35 to 39,None,<Null>,West,"Automobile, Station Wagon",Turning Left,Failed to Yield Right of Way,Unknown,<Null>,<Null>,<Null>,<Null>,<Null>,<Null>,Yes,<Null>,Yes,<Null>,<Null>,<Null>,<Null>,<Null>,<Null>,Yes,<Null>,<Null>,<Null>,D42,129,Agincourt North (129),11942,129
-8826387.84,5435629.575,80229388,5000163823,2015,2015/01/28 05:00:00+00,1450,14,MIDLAND AVE,SILVER STAR BLVD,<Null>,Major Arterial,Scarborough,"22,23",42,43.80704,-79.288791,Intersection,At Intersection,Traffic Signal,Clear,Daylight,Dry,Non-Fatal Injury,Pedestrian Collisions,Pedestrian,40 to 44,Major,<Null>,East,<Null>,<Null>,<Null>,<Null>,Vehicle turns left while ped crosses with ROW at inter.,Crossing with right of way,Unknown,<Null>,<Null>,<Null>,Yes,<Null>,Yes,<Null>,<Null>,<Null>,<Null>,<Null>,<Null>,Yes,<Null>,<Null>,<Null>,D42,129,Agincourt North (129),11943,129
-8831225.451,5425332.099,80229619,5000177590,2015,2015/01/30 05:00:00+00,1920,19,DON VALLEY PARKWAY  S,LAWRENCE AVE E,20 m North of,<Null>,North York,16,33,43.740245,-79.332248,Mid-Block,Non Intersection,No Control,Clear,"Dark, artificial",Dry,Non-Fatal Injury,Rear End,Driver,30 to 34,Minimal,<Null>,South,"Automobile, Station Wagon",Going Ahead,Following too Close,Normal,<Null>,<Null>,<Null>,<Null>,<Null>,<Null>,<Null>,<Null>,Yes,<Null>,<Null>,<Null>,<Null>,Yes,<Null>,Yes,<Null>,<Null>,<Null>,D33,42,Banbury-Don Mills (42),11944,42
-8831225.451,5425332.099,80229620,5000177590,2015,2015/01/30 05:00:00+00,1920,19,DON VALLEY PARKWAY  S,LAWRENCE AVE E,20 m North of,<Null>,North York,16,33,43.740245,-79.332248,Mid-Block,Non Intersection,No Control,Clear,"Dark, artificial",Dry,Non-Fatal Injury,Rear End,Driver,unknown,None,<Null>,South,"Automobile, Station Wagon",Going Ahead,Driving Properly,Normal,<Null>,<Null>,<Null>,<Null>,<Null>,<Null>,<Null>,<Null>,Yes,<Null>,<Null>,<Null>,<Null>,Yes,<Null>,Yes,<Null>,<Null>,<Null>,D33,42,Banbury-Don Mills (42),11945,42
-8831225.451,5425332.099,80229621,5000177590,2015,2015/01/30 05:00:00+00,1920,19,DON VALLEY PARKWAY  S,LAWRENCE AVE E,20 m North of,<Null>,North York,16,33,43.740245,-79.332248,Mid-Block,Non Intersection,No Control,Clear,"Dark, artificial",Dry,Non-Fatal Injury,Rear End,Driver,65 to 69,Minimal,<Null>,South,"Automobile, Station Wagon",Slowing or Stopping,Driving Properly,Normal,<Null>,<Null>,<Null>,<Null>,<Null>,<Null>,<Null>,<Null>,Yes,<Null>,<Null>,<Null>,<Null>,Yes,<Null>,Yes,<Null>,<Null>,<Null>,D33,42,Banbury-Don Mills (42),11946,42
-8831225.451,5425332.099,80229622,5000177590,2015,2015/01/30 05:00:00+00,1920,19,DON VALLEY PARKWAY  S,LAWRENCE AVE E,20 m North of,<Null>,North York,16,33,43.740245,-79.332248,Mid-Block,Non Intersection,No Control,Clear,"Dark, artificial",Dry,Non-Fatal Injury,Rear End,Driver,30 to 34,Minimal,<Null>,South,"Automobile, Station Wagon",Slowing or Stopping,Driving Properly,Normal,<Null>,<Null>,<Null>,<Null>,<Null>,<Null>,<Null>,<Null>,Yes,<Null>,<Null>,<Null>,<Null>,Yes,<Null>,Yes,<Null>,<Null>,<Null>,D33,42,Banbury-Don Mills (42),11947,42
-8831225.451,5425332.099,80229623,5000177590,2015,2015/01/30 05:00:00+00,1920,19,DON VALLEY PARKWAY  S,LAWRENCE AVE E,20 m North of,<Null>,North York,16,33,43.740245,-79.332248,Mid-Block,Non Intersection,No Control,Clear,"Dark, artificial",Dry,Non-Fatal Injury,Rear End,Passenger,30 to 34,Major,<Null>,<Null>,<Null>,<Null>,<Null>,<Null>,<Null>,<Null>,<Null>,<Null>,<Null>,<Null>,<Null>,<Null>,Yes,<Null>,<Null>,<Null>,<Null>,Yes,<Null>,Yes,<Null>,<Null>,<Null>,D33,42,Banbury-Don Mills (42),11948,42
-8831225.451,5425332.099,80229624,5000177590,2015,2015/01/30 05:00:00+00,1920,19,DON VALLEY PARKWAY  S,LAWRENCE AVE E,20 m North of,<Null>,North York,16,33,43.740245,-79.332248,Mid-Block,Non Intersection,No Control,Clear,"Dark, artificial",Dry,Non-Fatal Injury,Rear End,Passenger,5 to 9,None,<Null>,<Null>,<Null>,<Null>,<Null>,<Null>,<Null>,<Null>,<Null>,<Null>,<Null>,<Null>,<Null>,<Null>,Yes,<Null>,<Null>,<Null>,<Null>,Yes,<Null>,Yes,<Null>,<Null>,<Null>,D33,42,Banbury-Don Mills (42),11949,42
-8831225.451,5425332.099,80229625,5000177590,2015,2015/01/30 05:00:00+00,1920,19,DON VALLEY PARKWAY  S,LAWRENCE AVE E,20 m North of,<Null>,North York,16,33,43.740245,-79.332248,Mid-Block,Non Intersection,No Control,Clear,"Dark, artificial",Dry,Non-Fatal Injury,Rear End,Passenger,65 to 69,Minimal,<Null>,<Null>,<Null>,<Null>,<Null>,<Null>,<Null>,<Null>,<Null>,<Null>,<Null>,<Null>,<Null>,<Null>,Yes,<Null>,<Null>,<Null>,<Null>,Yes,<Null>,Yes,<Null>,<Null>,<Null>,D33,42,Banbury-Don Mills (42),11950,42
-8840042.845,5411835.686,80556294,5000207057,2015,2015/02/04 05:00:00+00,1838,18,273 MANNING AVE,<Null>,<Null>,Local,Toronto and East York,11,14,43.652587,-79.411456,Mid-Block,Non Intersection,No Control,Snow,"Dark, artificial",Packed Snow,Non-Fatal Injury,SMV Other,Driver,30 to 34,Major,<Null>,South,Delivery Van,Other,Lost control,Medical or Physical Disability,<Null>,<Null>,<Null>,<Null>,<Null>,<Null>,<Null>,<Null>,Yes,<Null>,<Null>,<Null>,<Null>,<Null>,<Null>,<Null>,<Null>,<Null>,Yes,D14,81,Trinity-Bellwoods (81),11951,81
-8822898.085,5422275.518,80000064,5000212905,2015,2015/02/05 05:00:00+00,1701,17,750 DANFORTH RD,<Null>,<Null>,Major Arterial,Scarborough,20,41,43.720404,-79.257442,Mid-Block,<Null>,No Control,Clear,"Daylight, artificial",Wet,Fatal,Pedestrian Collisions,Driver,40 to 44,None,<Null>,West,"Automobile, Station Wagon",Going Ahead,Driving Properly,Unknown,<Null>,<Null>,<Null>,<Null>,<Null>,<Null>,Yes,<Null>,Yes,<Null>,<Null>,<Null>,<Null>,<Null>,<Null>,Yes,<Null>,<Null>,<Null>,D41,124,Kennedy Park (124),11952,124
-8822898.085,5422275.518,80000091,5000212905,2015,2015/02/05 05:00:00+00,1701,17,750 DANFORTH RD,<Null>,<Null>,Major Arterial,Scarborough,20,41,43.720404,-79.257442,Mid-Block,<Null>,No Control,Clear,"Daylight, artificial",Wet,Fatal,Pedestrian Collisions,Pedestrian,85 to 89,Fatal,4,North,<Null>,<Null>,<Null>,<Null>,Pedestrian hit at mid-block,"Crossing, no Traffic Control",Unknown,<Null>,<Null>,<Null>,Yes,<Null>,Yes,<Null>,<Null>,<Null>,<Null>,<Null>,<Null>,Yes,<Null>,<Null>,<Null>,D41,124,Kennedy Park (124),11953,124
-8844809.991,5425576.01,80230356,5000220860,2015,2015/02/06 05:00:00+00,2231,22,TRANSIT RD,WILLIAM R ALLEN RD S,<Null>,Major Arterial,North York,6,32,43.741828,-79.45428,Intersection,At Intersection,Traffic Signal,Clear,"Dark, artificial",Dry,Non-Fatal Injury,Turning Movement,Driver,20 to 24,Major,<Null>,West,"Automobile, Station Wagon",Turning Left,Disobeyed Traffic Control,Inattentive,<Null>,<Null>,<Null>,<Null>,<Null>,<Null>,<Null>,<Null>,Yes,<Null>,<Null>,Yes,<Null>,<Null>,Yes,Yes,Yes,<Null>,<Null>,D32,33,Clanton Park (33),11954,33
-8844809.991,5425576.01,80230357,5000220860,2015,2015/02/06 05:00:00+00,2231,22,TRANSIT RD,WILLIAM R ALLEN RD S,<Null>,Major Arterial,North York,6,32,43.741828,-79.45428,Intersection,At Intersection,Traffic Signal,Clear,"Dark, artificial",Dry,Non-Fatal Injury,Turning Movement,Driver,35 to 39,None,<Null>,North,Municipal Transit Bus (TTC),Going Ahead,Driving Properly,Normal,<Null>,<Null>,<Null>,<Null>,<Null>,<Null>,<Null>,<Null>,Yes,<Null>,<Null>,Yes,<Null>,<Null>,Yes,Yes,Yes,<Null>,<Null>,D32,33,Clanton Park (33),11955,33
-8848876.492,5428786.434,80556510,5000221204,2015,2015/02/07 05:00:00+00,7,0,TANGIERS RD,FINCH AVE W,<Null>,Major Arterial,Etobicoke York,"7,6",31,43.76266,-79.49081,Mid-Block,Non Intersection,No Control,Clear,"Dark, artificial",Wet,Non-Fatal Injury,Other,Driver,45 to 49,None,<Null>,North,Municipal Transit Bus (TTC),Going Ahead,Driving Properly,Normal,<Null>,<Null>,<Null>,<Null>,<Null>,<Null>,<Null>,<Null>,<Null>,<Null>,<Null>,Yes,<Null>,Yes,<Null>,<Null>,<Null>,<Null>,<Null>,D31,27,York University Heights (27),11956,27
-8848876.492,5428786.434,80556511,5000221204,2015,2015/02/07 05:00:00+00,7,0,TANGIERS RD,FINCH AVE W,<Null>,Major Arterial,Etobicoke York,"7,6",31,43.76266,-79.49081,Mid-Block,Non Intersection,No Control,Clear,"Dark, artificial",Wet,Non-Fatal Injury,Other,Passenger,60 to 64,Major,<Null>,<Null>,<Null>,<Null>,<Null>,<Null>,<Null>,<Null>,<Null>,<Null>,<Null>,<Null>,<Null>,<Null>,<Null>,<Null>,<Null>,Yes,<Null>,Yes,<Null>,<Null>,<Null>,<Null>,<Null>,D31,27,York University Heights (27),11957,27
-8832067.138,5415909.722,80230528,5000232686,2015,2015/02/09 05:00:00+00,617,6,JONES AVE,HAZELWOOD AVE,<Null>,Minor Arterial,Toronto and East York,14,55,43.679061,-79.339809,Intersection,At Intersection,Pedestrian Crossover,Clear,"Dark, artificial",Wet,Non-Fatal Injury,Pedestrian Collisions,Driver,50 to 54,None,<Null>,North,"Automobile, Station Wagon",Going Ahead,Failed to Yield Right of Way,Normal,<Null>,<Null>,<Null>,<Null>,<Null>,<Null>,Yes,<Null>,Yes,<Null>,<Null>,<Null>,<Null>,Yes,<Null>,Yes,<Null>,<Null>,<Null>,D55,69,Blake-Jones (69),11958,69
-8832067.138,5415909.722,80230529,5000232686,2015,2015/02/09 05:00:00+00,617,6,JONES AVE,HAZELWOOD AVE,<Null>,Minor Arterial,Toronto and East York,14,55,43.679061,-79.339809,Intersection,At Intersection,Pedestrian Crossover,Clear,"Dark, artificial",Wet,Non-Fatal Injury,Pedestrian Collisions,Passenger,55 to 59,None,<Null>,<Null>,<Null>,<Null>,<Null>,<Null>,<Null>,<Null>,<Null>,<Null>,<Null>,<Null>,Yes,<Null>,Yes,<Null>,<Null>,<Null>,<Null>,Yes,<Null>,Yes,<Null>,<Null>,<Null>,D55,69,Blake-Jones (69),11959,69
-8832067.138,5415909.722,80230530,5000232686,2015,2015/02/09 05:00:00+00,617,6,JONES AVE,HAZELWOOD AVE,<Null>,Minor Arterial,Toronto and East York,14,55,43.679061,-79.339809,Intersection,At Intersection,Pedestrian Crossover,Clear,"Dark, artificial",Wet,Non-Fatal Injury,Pedestrian Collisions,Pedestrian,20 to 24,Major,<Null>,East,<Null>,<Null>,<Null>,<Null>,Pedestrian hit a PXO/ped. Mid-block signal,"Crossing, Pedestrian Crossover",Normal,<Null>,<Null>,<Null>,Yes,<Null>,Yes,<Null>,<Null>,<Null>,<Null>,Yes,<Null>,Yes,<Null>,<Null>,<Null>,D55,69,Blake-Jones (69),11960,69
-8849966.978,5407063.59,8000404,5000260881,2015,2015/02/13 05:00:00+00,1516,15,ROYAL YORK RD,MANITOBA ST,<Null>,Minor Arterial,Etobicoke York,3,22,43.621562,-79.500606,Intersection,<Null>,No Control,Other,Daylight,Other,Fatal,Other,Driver,45 to 49,None,<Null>,North,Municipal Transit Bus (TTC),Going Ahead,Driving Properly,Normal,<Null>,<Null>,<Null>,<Null>,<Null>,<Null>,<Null>,<Null>,<Null>,<Null>,<Null>,Yes,<Null>,Yes,<Null>,<Null>,<Null>,<Null>,<Null>,D22,17,Mimico (17),11961,17
-8849966.978,5407063.59,80000073,5000260881,2015,2015/02/13 05:00:00+00,1516,15,ROYAL YORK RD,MANITOBA ST,<Null>,Minor Arterial,Etobicoke York,3,22,43.621562,-79.500606,Intersection,<Null>,No Control,Other,Daylight,Other,Fatal,Other,Passenger,75 to 79,Fatal,5,<Null>,<Null>,<Null>,<Null>,<Null>,<Null>,<Null>,<Null>,<Null>,<Null>,<Null>,<Null>,<Null>,<Null>,<Null>,<Null>,Yes,<Null>,Yes,<Null>,<Null>,<Null>,<Null>,<Null>,D22,17,Mimico (17),11962,17
-8826332.625,5436706.468,80557133,5000264661,2015,2015/02/14 05:00:00+00,903,9,MCNICOLL AVE,BRAMBLEBROOK AVE,120 m West of,Minor Arterial,Scarborough,23,42,43.814021,-79.288295,Mid-Block,Non Intersection,No Control,Snow,Daylight,Wet,Non-Fatal Injury,Approaching,Driver,55 to 59,Major,<Null>,East,Passenger Van,Going Ahead,Lost control,Normal,<Null>,<Null>,<Null>,<Null>,<Null>,<Null>,<Null>,<Null>,Yes,<Null>,<Null>,<Null>,<Null>,<Null>,<Null>,<Null>,<Null>,<Null>,<Null>,D42,130,Milliken (130),11963,130
-8826332.625,5436706.468,80557134,5000264661,2015,2015/02/14 05:00:00+00,903,9,MCNICOLL AVE,BRAMBLEBROOK AVE,120 m West of,Minor Arterial,Scarborough,23,42,43.814021,-79.288295,Mid-Block,Non Intersection,No Control,Snow,Daylight,Wet,Non-Fatal Injury,Approaching,Driver,55 to 59,Minor,<Null>,West,"Automobile, Station Wagon",Going Ahead,Driving Properly,Normal,<Null>,<Null>,<Null>,<Null>,<Null>,<Null>,<Null>,<Null>,Yes,<Null>,<Null>,<Null>,<Null>,<Null>,<Null>,<Null>,<Null>,<Null>,<Null>,D42,130,Milliken (130),11964,130
-8827851.134,5436414.595,8000403,5000275153,2015,2015/02/16 05:00:00+00,644,6,KENNEDY RD,MCNICOLL AVE,<Null>,Major Arterial,Scarborough,22,42,43.812129,-79.301936,Intersection,At Intersection,Traffic Signal,Clear,Dawn,Dry,Fatal,Pedestrian Collisions,Driver,35 to 39,None,<Null>,North,"Automobile, Station Wagon",Going Ahead,Disobeyed Traffic Control,Normal,<Null>,<Null>,<Null>,<Null>,<Null>,<Null>,Yes,<Null>,Yes,<Null>,<Null>,<Null>,<Null>,<Null>,<Null>,Yes,Yes,<Null>,<Null>,D42,130,Milliken (130),11965,130
-8827851.134,5436414.595,80000072,5000275153,2015,2015/02/16 05:00:00+00,644,6,KENNEDY RD,MCNICOLL AVE,<Null>,Major Arterial,Scarborough,22,42,43.812129,-79.301936,Intersection,At Intersection,Traffic Signal,Clear,Dawn,Dry,Fatal,Pedestrian Collisions,Pedestrian,65 to 69,Fatal,6,East,<Null>,<Null>,<Null>,<Null>,Vehicle is going straight thru inter.while ped cross with ROW,Crossing with right of way,Unknown,<Null>,<Null>,<Null>,Yes,<Null>,Yes,<Null>,<Null>,<Null>,<Null>,<Null>,<Null>,Yes,Yes,<Null>,<Null>,D42,130,Milliken (130),11966,130
-8847122.653,5417616.722,80557289,5000276965,2015,2015/02/16 05:00:00+00,1410,14,2609 EGLINTON AVE W,<Null>,<Null>,Major Arterial,Etobicoke York,5,12,43.69015,-79.475055,Intersection,Non Intersection,No Control,Clear,Daylight,Dry,Non-Fatal Injury,Pedestrian Collisions,Driver,50 to 54,None,<Null>,East,"Automobile, Station Wagon",Going Ahead,Driving Properly,Normal,<Null>,<Null>,<Null>,<Null>,<Null>,<Null>,Yes,<Null>,Yes,<Null>,<Null>,<Null>,<Null>,Yes,<Null>,<Null>,<Null>,<Null>,<Null>,D12,110,Keelesdale-Eglinton West (110),11967,110
-8847122.653,5417616.722,80557290,5000276965,2015,2015/02/16 05:00:00+00,1410,14,2609 EGLINTON AVE W,<Null>,<Null>,Major Arterial,Etobicoke York,5,12,43.69015,-79.475055,Intersection,Non Intersection,No Control,Clear,Daylight,Dry,Non-Fatal Injury,Pedestrian Collisions,Passenger,50 to 54,None,<Null>,<Null>,<Null>,<Null>,<Null>,<Null>,<Null>,<Null>,<Null>,<Null>,<Null>,<Null>,Yes,<Null>,Yes,<Null>,<Null>,<Null>,<Null>,Yes,<Null>,<Null>,<Null>,<Null>,<Null>,D12,110,Keelesdale-Eglinton West (110),11968,110
-8847122.653,5417616.722,80557291,5000276965,2015,2015/02/16 05:00:00+00,1410,14,2609 EGLINTON AVE W,<Null>,<Null>,Major Arterial,Etobicoke York,5,12,43.69015,-79.475055,Intersection,Non Intersection,No Control,Clear,Daylight,Dry,Non-Fatal Injury,Pedestrian Collisions,Passenger,25 to 29,None,<Null>,<Null>,<Null>,<Null>,<Null>,<Null>,<Null>,<Null>,<Null>,<Null>,<Null>,<Null>,Yes,<Null>,Yes,<Null>,<Null>,<Null>,<Null>,Yes,<Null>,<Null>,<Null>,<Null>,<Null>,D12,110,Keelesdale-Eglinton West (110),11969,110
-8847122.653,5417616.722,80557292,5000276965,2015,2015/02/16 05:00:00+00,1410,14,2609 EGLINTON AVE W,<Null>,<Null>,Major Arterial,Etobicoke York,5,12,43.69015,-79.475055,Intersection,Non Intersection,No Control,Clear,Daylight,Dry,Non-Fatal Injury,Pedestrian Collisions,Passenger,20 to 24,None,<Null>,<Null>,<Null>,<Null>,<Null>,<Null>,<Null>,<Null>,<Null>,<Null>,<Null>,<Null>,Yes,<Null>,Yes,<Null>,<Null>,<Null>,<Null>,Yes,<Null>,<Null>,<Null>,<Null>,<Null>,D12,110,Keelesdale-Eglinton West (110),11970,110
-8847122.653,5417616.722,80557293,5000276965,2015,2015/02/16 05:00:00+00,1410,14,2609 EGLINTON AVE W,<Null>,<Null>,Major Arterial,Etobicoke York,5,12,43.69015,-79.475055,Intersection,Non Intersection,No Control,Clear,Daylight,Dry,Non-Fatal Injury,Pedestrian Collisions,Passenger,25 to 29,None,<Null>,<Null>,<Null>,<Null>,<Null>,<Null>,<Null>,<Null>,<Null>,<Null>,<Null>,<Null>,Yes,<Null>,Yes,<Null>,<Null>,<Null>,<Null>,Yes,<Null>,<Null>,<Null>,<Null>,<Null>,D12,110,Keelesdale-Eglinton West (110),11971,110
-8847122.653,5417616.722,80557294,5000276965,2015,2015/02/16 05:00:00+00,1410,14,2609 EGLINTON AVE W,<Null>,<Null>,Major Arterial,Etobicoke York,5,12,43.69015,-79.475055,Intersection,Non Intersection,No Control,Clear,Daylight,Dry,Non-Fatal Injury,Pedestrian Collisions,Pedestrian,40 to 44,Major,<Null>,North,<Null>,<Null>,<Null>,<Null>,Pedestrian hit at mid-block,Running onto Roadway,Inattentive,<Null>,<Null>,<Null>,Yes,<Null>,Yes,<Null>,<Null>,<Null>,<Null>,Yes,<Null>,<Null>,<Null>,<Null>,<Null>,D12,110,Keelesdale-Eglinton West (110),11972,110
-8835516.929,5412628.531,80496364,5000286208,2015,2015/02/18 05:00:00+00,104,1,SHERBOURNE ST,DUNDAS ST E,50 m South of,Minor Arterial,Toronto and East York,13,51,43.65774,-79.370799,Mid-Block,Intersection Related,No Control,Clear,"Dark, artificial",Wet,Fatal,Pedestrian Collisions,Driver,30 to 34,None,<Null>,South,"Automobile, Station Wagon",Going Ahead,Exceeding Speed Limit,Had Been Drinking,<Null>,<Null>,<Null>,<Null>,<Null>,<Null>,Yes,<Null>,Yes,<Null>,<Null>,<Null>,<Null>,<Null>,Yes,Yes,<Null>,<Null>,<Null>,D51,73,Moss Park (73),11973,73
-8835516.929,5412628.531,80496365,5000286208,2015,2015/02/18 05:00:00+00,104,1,SHERBOURNE ST,DUNDAS ST E,50 m South of,Minor Arterial,Toronto and East York,13,51,43.65774,-79.370799,Mid-Block,Intersection Related,No Control,Clear,"Dark, artificial",Wet,Fatal,Pedestrian Collisions,Pedestrian,55 to 59,Fatal,7,Unknown,<Null>,<Null>,<Null>,<Null>,Pedestrian hit at mid-block,"Crossing, no Traffic Control",Other,<Null>,<Null>,<Null>,Yes,<Null>,Yes,<Null>,<Null>,<Null>,<Null>,<Null>,Yes,Yes,<Null>,<Null>,<Null>,D51,73,Moss Park (73),11974,73
-8839185.128,5410893.069,80231548,5000296206,2015,2015/02/19 05:00:00+00,1610,16,BATHURST ST,RICHMOND ST W,<Null>,Major Arterial,Toronto and East York,10,14,43.64646,-79.403751,Intersection,At Intersection,Traffic Signal,Clear,Daylight,Dry,Non-Fatal Injury,Pedestrian Collisions,Driver,35 to 39,None,<Null>,West,"Automobile, Station Wagon",Turning Left,Improper Turn,Inattentive,<Null>,<Null>,<Null>,<Null>,<Null>,<Null>,Yes,<Null>,Yes,<Null>,<Null>,<Null>,<Null>,<Null>,<Null>,<Null>,<Null>,<Null>,<Null>,D14,77,Waterfront Communities-The Island (77),11975,77
-8839185.128,5410893.069,80231549,5000296206,2015,2015/02/19 05:00:00+00,1610,16,BATHURST ST,RICHMOND ST W,<Null>,Major Arterial,Toronto and East York,10,14,43.64646,-79.403751,Intersection,At Intersection,Traffic Signal,Clear,Daylight,Dry,Non-Fatal Injury,Pedestrian Collisions,Pedestrian,65 to 69,Major,<Null>,East,<Null>,<Null>,<Null>,<Null>,Vehicle turns left while ped crosses with ROW at inter.,Crossing with right of way,Normal,<Null>,<Null>,<Null>,Yes,<Null>,Yes,<Null>,<Null>,<Null>,<Null>,<Null>,<Null>,<Null>,<Null>,<Null>,<Null>,D14,77,Waterfront Communities-The Island (77),11976,77
-8839185.128,5410893.069,80231550,5000296206,2015,2015/02/19 05:00:00+00,1610,16,BATHURST ST,RICHMOND ST W,<Null>,Major Arterial,Toronto and East York,10,14,43.64646,-79.403751,Intersection,At Intersection,Traffic Signal,Clear,Daylight,Dry,Non-Fatal Injury,Pedestrian Collisions,Pedestrian,50 to 54,None,<Null>,East,<Null>,<Null>,<Null>,<Null>,Vehicle turns left while ped crosses with ROW at inter.,Crossing with right of way,Normal,<Null>,<Null>,<Null>,Yes,<Null>,Yes,<Null>,<Null>,<Null>,<Null>,<Null>,<Null>,<Null>,<Null>,<Null>,<Null>,D14,77,Waterfront Communities-The Island (77),11977,77
-8822314.548,5430611.751,80557704,5000304693,2015,2015/02/21 05:00:00+00,45,0,MCCOWAN RD,TOWN CENTRE CRT,<Null>,Major Arterial,Scarborough,"21,24",43,43.774501,-79.2522,Intersection,At Intersection,Traffic Signal,Clear,"Dark, artificial",Dry,Non-Fatal Injury,Pedestrian Collisions,Driver,45 to 49,None,<Null>,South,"Automobile, Station Wagon",Going Ahead,Driving Properly,Normal,<Null>,<Null>,<Null>,<Null>,<Null>,<Null>,Yes,<Null>,Yes,<Null>,<Null>,<Null>,<Null>,<Null>,<Null>,<Null>,<Null>,<Null>,<Null>,D43,137,Woburn (137),11978,137
-8822314.548,5430611.751,80557705,5000304693,2015,2015/02/21 05:00:00+00,45,0,MCCOWAN RD,TOWN CENTRE CRT,<Null>,Major Arterial,Scarborough,"21,24",43,43.774501,-79.2522,Intersection,At Intersection,Traffic Signal,Clear,"Dark, artificial",Dry,Non-Fatal Injury,Pedestrian Collisions,Pedestrian,20 to 24,Major,<Null>,East,<Null>,<Null>,<Null>,<Null>,Vehicle is going straight thru inter.while ped cross without ROW,Running onto Roadway,Had Been Drinking,<Null>,<Null>,<Null>,Yes,<Null>,Yes,<Null>,<Null>,<Null>,<Null>,<Null>,<Null>,<Null>,<Null>,<Null>,<Null>,D43,137,Woburn (137),11979,137
-8835847.325,5414097.312,80558095,5000324381,2015,2015/02/24 05:00:00+00,1327,13,BLEECKER ST,WELLESLEY ST E,<Null>,Minor Arterial,Toronto and East York,13,51,43.667285,-79.373767,Intersection,Intersection Related,Stop Sign,Clear,Daylight,Wet,Non-Fatal Injury,Pedestrian Collisions,Driver,30 to 34,None,<Null>,North,"Automobile, Station Wagon",Reversing,Other,Normal,<Null>,<Null>,<Null>,<Null>,<Null>,<Null>,Yes,<Null>,Yes,<Null>,<Null>,<Null>,<Null>,<Null>,<Null>,<Null>,<Null>,<Null>,<Null>,D51,71,Cabbagetown-South St.James Town (71),11980,71
-8835847.325,5414097.312,80558096,5000324381,2015,2015/02/24 05:00:00+00,1327,13,BLEECKER ST,WELLESLEY ST E,<Null>,Minor Arterial,Toronto and East York,13,51,43.667285,-79.373767,Intersection,Intersection Related,Stop Sign,Clear,Daylight,Wet,Non-Fatal Injury,Pedestrian Collisions,Pedestrian,70 to 74,Major,<Null>,East,<Null>,<Null>,<Null>,<Null>,Vehicle is reversing and hits pedestrian,Other,Normal,<Null>,<Null>,<Null>,Yes,<Null>,Yes,<Null>,<Null>,<Null>,<Null>,<Null>,<Null>,<Null>,<Null>,<Null>,<Null>,D51,71,Cabbagetown-South St.James Town (71),11981,71