X,Y,INDEX_,ACCNUM,YEAR,DATE,TIME,HOUR,STREET1,STREET2,OFFSET,ROAD_CLASS,DISTRICT,WARDNUM,DIVISION,LATITUDE,LONGITUDE,LOCCOORD,ACCLOC,TRAFFCTL,VISIBILITY,LIGHT,RDSFCOND,ACCLASS,IMPACTYPE,INVTYPE,INVAGE,INJURY,FATAL_NO,INITDIR,VEHTYPE,MANOEUVER,DRIVACT,DRIVCOND,PEDTYPE,PEDACT,PEDCOND,CYCLISTYPE,CYCACT,CYCCOND,PEDESTRIAN,CYCLIST,AUTOMOBILE,MOTORCYCLE,TRUCK,TRSN_CITY_VEH,EMERG_VEH,PASSENGER,SPEEDING,AG_DRIV,REDLIGHT,ALCOHOL,DISABILITY,POLICE_DIVISION,HOOD_ID,NEIGHBOURHOOD,ObjectId,VEHICLES_IN_STREET
-8836131.857,5420471.869,80492008,5001897298,2015,2015/11/04 05:00:00+00,1530,15,BAYVIEW AVE,PARKHURST BLVD,<Null>,Major Arterial,North York,15,53,43.708693,-79.376323,Intersection,At Intersection,Stop Sign,Clear,Daylight,Dry,Non-Fatal Injury,Angle,Driver,55 to 59,Major,<Null>,North,"Automobile, Station Wagon",Stopped,Driving Properly,Normal,<Null>,<Null>,<Null>,<Null>,<Null>,<Null>,<Null>,<Null>,Yes,<Null>,<Null>,<Null>,<Null>,Yes,<Null>,Yes,<Null>,<Null>,<Null>,D53,56,Leaside-Bennington (56),12533,56
-8836131.857,5420471.869,80492009,5001897298,2015,2015/11/04 05:00:00+00,1530,15,BAYVIEW AVE,PARKHURST BLVD,<Null>,Major Arterial,North York,15,53,43.708693,-79.376323,Intersection,At Intersection,Stop Sign,Clear,Daylight,Dry,Non-Fatal Injury,Angle,Passenger,30 to 34,None,<Null>,<Null>,<Null>,<Null>,<Null>,<Null>,<Null>,<Null>,<Null>,<Null>,<Null>,<Null>,<Null>,<Null>,Yes,<Null>,<Null>,<Null>,<Null>,Yes,<Null>,Yes,<Null>,<Null>,<Null>,D53,56,Leaside-Bennington (56),12534,56
-8836131.857,5420471.869,80492010,5001897298,2015,2015/11/04 05:00:00+00,1530,15,BAYVIEW AVE,PARKHURST BLVD,<Null>,Major Arterial,North York,15,53,43.708693,-79.376323,Intersection,At Intersection,Stop Sign,Clear,Daylight,Dry,Non-Fatal Injury,Angle,Passenger,20 to 24,None,<Null>,<Null>,<Null>,<Null>,<Null>,<Null>,<Null>,<Null>,<Null>,<Null>,<Null>,<Null>,<Null>,<Null>,Yes,<Null>,<Null>,<Null>,<Null>,Yes,<Null>,Yes,<Null>,<Null>,<Null>,D53,56,Leaside-Bennington (56),12535,56
-8836131.857,5420471.869,80492011,5001897298,2015,2015/11/04 05:00:00+00,1530,15,BAYVIEW AVE,PARKHURST BLVD,<Null>,Major Arterial,North York,15,53,43.708693,-79.376323,Intersection,At Intersection,Stop Sign,Clear,Daylight,Dry,Non-Fatal Injury,Angle,Passenger,15 to 19,None,<Null>,<Null>,<Null>,<Null>,<Null>,<Null>,<Null>,<Null>,<Null>,<Null>,<Null>,<Null>,<Null>,<Null>,Yes,<Null>,<Null>,<Null>,<Null>,Yes,<Null>,Yes,<Null>,<Null>,<Null>,D53,56,Leaside-Bennington (56),12536,56
-8837629.216,5430584.001,80255264,5001904834,2015,2015/11/05 05:00:00+00,2020,20,BAYVIEW AVE,CITATION DR,14 m North of,Major Arterial,North York,"18,17","33,32",43.774321,-79.389774,Intersection,Intersection Related,Traffic Signal,Clear,"Dawn, artificial",Dry,Non-Fatal Injury,Pedestrian Collisions,Driver,80 to 84,None,<Null>,North,"Automobile, Station Wagon",Going Ahead,Driving Properly,Normal,<Null>,<Null>,<Null>,<Null>,<Null>,<Null>,Yes,<Null>,Yes,<Null>,<Null>,<Null>,<Null>,<Null>,<Null>,<Null>,<Null>,<Null>,<Null>,D33,52,Bayview Village (52),12537,52
-8837629.216,5430584.001,80255265,5001904834,2015,2015/11/05 05:00:00+00,2020,20,BAYVIEW AVE,CITATION DR,14 m North of,Major Arterial,North York,"18,17","33,32",43.774321,-79.389774,Intersection,Intersection Related,Traffic Signal,Clear,"Dawn, artificial",Dry,Non-Fatal Injury,Pedestrian Collisions,Pedestrian,35 to 39,Major,<Null>,West,<Null>,<Null>,<Null>,<Null>,Vehicle is going straight thru inter.while ped cross without ROW,Running onto Roadway,Inattentive,<Null>,<Null>,<Null>,Yes,<Null>,Yes,<Null>,<Null>,<Null>,<Null>,<Null>,<Null>,<Null>,<Null>,<Null>,<Null>,D33,52,Bayview Village (52),12538,52
-8833172.874,5418831.934,80492118,5001905504,2015,2015/11/05 05:00:00+00,2310,23,DON VALLEY PARKWAY  S,LEASIDE BDGE,<Null>,Major Arterial,Toronto and East York,14,54,43.698043,-79.349742,Mid-Block,Non Intersection,No Control,Clear,"Dark, artificial",Dry,Non-Fatal Injury,Pedestrian Collisions,Driver,40 to 44,None,<Null>,South,"Automobile, Station Wagon",Going Ahead,Driving Properly,Normal,<Null>,<Null>,<Null>,<Null>,<Null>,<Null>,Yes,<Null>,Yes,<Null>,<Null>,<Null>,<Null>,Yes,<Null>,<Null>,<Null>,<Null>,<Null>,D54,58,Old East York (58),12539,58
-8833172.874,5418831.934,80492119,5001905504,2015,2015/11/05 05:00:00+00,2310,23,DON VALLEY PARKWAY  S,LEASIDE BDGE,<Null>,Major Arterial,Toronto and East York,14,54,43.698043,-79.349742,Mid-Block,Non Intersection,No Control,Clear,"Dark, artificial",Dry,Non-Fatal Injury,Pedestrian Collisions,Passenger,35 to 39,None,<Null>,<Null>,<Null>,<Null>,<Null>,<Null>,<Null>,<Null>,<Null>,<Null>,<Null>,<Null>,Yes,<Null>,Yes,<Null>,<Null>,<Null>,<Null>,Yes,<Null>,<Null>,<Null>,<Null>,<Null>,D54,58,Old East York (58),12540,58
-8833172.874,5418831.934,80492120,5001905504,2015,2015/11/05 05:00:00+00,2310,23,DON VALLEY PARKWAY  S,LEASIDE BDGE,<Null>,Major Arterial,Toronto and East York,14,54,43.698043,-79.349742,Mid-Block,Non Intersection,No Control,Clear,"Dark, artificial",Dry,Non-Fatal Injury,Pedestrian Collisions,Pedestrian,50 to 54,Major,<Null>,Unknown,<Null>,<Null>,<Null>,<Null>,Other / Undefined,Other,Other,<Null>,<Null>,<Null>,Yes,<Null>,Yes,<Null>,<Null>,<Null>,<Null>,Yes,<Null>,<Null>,<Null>,<Null>,<Null>,D54,58,Old East York (58),12541,58
-8850519.011,5420555.336,80255306,5001906446,2015,2015/11/06 05:00:00+00,600,6,JANE ST,CHURCH ST,19 m South of,Major Arterial,Etobicoke York,5,12,43.709235,-79.505565,Intersection,Intersection Related,Traffic Signal,Rain,"Dark, artificial",Wet,Non-Fatal Injury,Pedestrian Collisions,Driver,60 to 64,None,<Null>,East,"Automobile, Station Wagon",Turning Left,Driving Properly,Normal,<Null>,<Null>,<Null>,<Null>,<Null>,<Null>,Yes,<Null>,Yes,<Null>,<Null>,<Null>,<Null>,<Null>,<Null>,<Null>,<Null>,<Null>,<Null>,D12,28,Rustic (28),12542,28
-8850519.011,5420555.336,80255307,5001906446,2015,2015/11/06 05:00:00+00,600,6,JANE ST,CHURCH ST,19 m South of,Major Arterial,Etobicoke York,5,12,43.709235,-79.505565,Intersection,Intersection Related,Traffic Signal,Rain,"Dark, artificial",Wet,Non-Fatal Injury,Pedestrian Collisions,Pedestrian,70 to 74,Major,<Null>,West,<Null>,<Null>,<Null>,<Null>,Vehicle turns left while ped crosses without ROW at inter.,"Crossing, no Traffic Control",Inattentive,<Null>,<Null>,<Null>,Yes,<Null>,Yes,<Null>,<Null>,<Null>,<Null>,<Null>,<Null>,<Null>,<Null>,<Null>,<Null>,D12,28,Rustic (28),12543,28
-8844383.637,5424507.966,80492214,5001910400,2015,2015/11/06 05:00:00+00,1836,18,WILLIAM R ALLEN RD S,WILSON AVE,90 m North of,<Null>,North York,6,32,43.734896,-79.45045,Mid-Block,Non Intersection,No Control,Clear,"Dark, artificial",Dry,Non-Fatal Injury,Rear End,Driver,20 to 24,Major,<Null>,South,"Automobile, Station Wagon",Going Ahead,Speed too Fast For Condition,Inattentive,<Null>,<Null>,<Null>,<Null>,<Null>,<Null>,<Null>,<Null>,Yes,<Null>,<Null>,<Null>,<Null>,<Null>,Yes,Yes,<Null>,<Null>,<Null>,D32,33,Clanton Park (33),12544,33
-8844383.637,5424507.966,80492215,5001910400,2015,2015/11/06 05:00:00+00,1836,18,WILLIAM R ALLEN RD S,WILSON AVE,90 m North of,<Null>,North York,6,32,43.734896,-79.45045,Mid-Block,Non Intersection,No Control,Clear,"Dark, artificial",Dry,Non-Fatal Injury,Rear End,Driver,35 to 39,Major,<Null>,South,"Automobile, Station Wagon",Going Ahead,Driving Properly,Normal,<Null>,<Null>,<Null>,<Null>,<Null>,<Null>,<Null>,<Null>,Yes,<Null>,<Null>,<Null>,<Null>,<Null>,Yes,Yes,<Null>,<Null>,<Null>,D32,33,Clanton Park (33),12545,33
-8844601.935,5419683.586,80495719,5002192601,2015,2015/12/22 05:00:00+00,1830,18,DUFFERIN ST,1 AUTUMN AVE,<Null>,Major Arterial,North York,8,13,43.703574,-79.452411,Intersection,At Intersection,No Control,Clear,"Dark, artificial",Dry,Non-Fatal Injury,Pedestrian Collisions,Pedestrian,30 to 34,Major,<Null>,South,<Null>,<Null>,<Null>,<Null>,Vehicle turns left while ped crosses with ROW at inter.,Crossing with right of way,Normal,<Null>,<Null>,<Null>,Yes,<Null>,<Null>,<Null>,Yes,<Null>,<Null>,<Null>,<Null>,Yes,<Null>,<Null>,<Null>,D13,31,Yorkdale-Glen Park (31),12546,31
-8849852.319,5406677.623,80255642,5001928023,2015,2015/11/09 05:00:00+00,2005,20,PORTLAND ST,ROYAL YORK RD,11 m South of,Minor Arterial,Etobicoke York,3,22,43.619052,-79.499576,Intersection,Non Intersection,No Control,Clear,"Dark, artificial",Dry,Non-Fatal Injury,Pedestrian Collisions,Driver,50 to 54,None,<Null>,South,"Automobile, Station Wagon",Going Ahead,Speed too Fast For Condition,Unknown,<Null>,<Null>,<Null>,<Null>,<Null>,<Null>,Yes,<Null>,Yes,<Null>,<Null>,<Null>,<Null>,<Null>,Yes,Yes,<Null>,<Null>,<Null>,D22,17,Mimico (17),12549,17
-8829778.297,5425464.3,80631997,5002201232,2015,2015/12/24 05:00:00+00,845,8,LAWRENCE AVE E,RAILSIDE RD,<Null>,Major Arterial,North York,16,33,43.741103,-79.319248,Intersection,At Intersection,Traffic Signal,Clear,Daylight,Dry,Non-Fatal Injury,Pedestrian Collisions,Driver,55 to 59,None,<Null>,South,"Automobile, Station Wagon",Turning Left,Failed to Yield Right of Way,Normal,<Null>,<Null>,<Null>,<Null>,<Null>,<Null>,Yes,<Null>,Yes,<Null>,<Null>,<Null>,<Null>,<Null>,<Null>,Yes,<Null>,<Null>,<Null>,D33,43,Victoria Village (43),12551,43
-8849852.319,5406677.623,80255643,5001928023,2015,2015/11/09 05:00:00+00,2005,20,PORTLAND ST,ROYAL YORK RD,11 m South of,Minor Arterial,Etobicoke York,3,22,43.619052,-79.499576,Intersection,Non Intersection,No Control,Clear,"Dark, artificial",Dry,Non-Fatal Injury,Pedestrian Collisions,Pedestrian,65 to 69,Major,<Null>,West,<Null>,<Null>,<Null>,<Null>,Pedestrian hit at mid-block,"Crossing, no Traffic Control",Normal,<Null>,<Null>,<Null>,Yes,<Null>,Yes,<Null>,<Null>,<Null>,<Null>,<Null>,Yes,Yes,<Null>,<Null>,<Null>,D22,17,Mimico (17),12553,17
-8829778.297,5425464.3,80631998,5002201232,2015,2015/12/24 05:00:00+00,845,8,LAWRENCE AVE E,RAILSIDE RD,<Null>,Major Arterial,North York,16,33,43.741103,-79.319248,Intersection,At Intersection,Traffic Signal,Clear,Daylight,Dry,Non-Fatal Injury,Pedestrian Collisions,Pedestrian,60 to 64,Major,<Null>,North,<Null>,<Null>,<Null>,<Null>,Vehicle turns left while ped crosses with ROW at inter.,Crossing with right of way,Normal,<Null>,<Null>,<Null>,Yes,<Null>,Yes,<Null>,<Null>,<Null>,<Null>,<Null>,<Null>,Yes,<Null>,<Null>,<Null>,D33,43,Victoria Village (43),12555,43
-8825951.245,5435278.814,80255750,5001934875,2015,2015/11/10 05:00:00+00,950,9,DUNMAIL DR,BLUE EAGLE TRL,15 m West of,Local,Scarborough,23,42,43.804766,-79.284869,Intersection,Non Intersection,No Control,Clear,Daylight,Dry,Non-Fatal Injury,Cyclist Collisions,Driver,45 to 49,None,<Null>,West,"Automobile, Station Wagon",Making U Turn,Improper Turn,Inattentive,<Null>,<Null>,<Null>,<Null>,<Null>,<Null>,<Null>,Yes,Yes,<Null>,<Null>,<Null>,<Null>,<Null>,<Null>,<Null>,<Null>,<Null>,<Null>,D42,129,Agincourt North (129),12558,129
-8840232.311,5410713.541,80631999,5002206137,2015,2015/12/25 05:00:00+00,819,8,QUEEN ST W,TRINITY DR,1 m East of,Major Arterial,Toronto and East York,10,14,43.645293,-79.413158,Intersection,At Intersection,Traffic Signal,Clear,Daylight,Dry,Non-Fatal Injury,Pedestrian Collisions,Driver,30 to 34,None,<Null>,East,Street Car,Going Ahead,Driving Properly,Normal,<Null>,<Null>,<Null>,<Null>,<Null>,<Null>,Yes,<Null>,<Null>,<Null>,<Null>,Yes,<Null>,<Null>,<Null>,<Null>,<Null>,<Null>,<Null>,D14,82,Niagara (82),12561,82
-8825951.245,5435278.814,80255751,5001934875,2015,2015/11/10 05:00:00+00,950,9,DUNMAIL DR,BLUE EAGLE TRL,15 m West of,Local,Scarborough,23,42,43.804766,-79.284869,Intersection,Non Intersection,No Control,Clear,Daylight,Dry,Non-Fatal Injury,Cyclist Collisions,Cyclist,55 to 59,Major,<Null>,West,Bicycle,Going Ahead,<Null>,<Null>,<Null>,<Null>,<Null>,Motorist turning right on red at signalized intersection strikes cyclist.,Driving Properly,Normal,<Null>,Yes,Yes,<Null>,<Null>,<Null>,<Null>,<Null>,<Null>,<Null>,<Null>,<Null>,<Null>,D42,129,Agincourt North (129),12563,129
-8850325.315,5419574.873,80492559,5001940328,2015,2015/11/11 05:00:00+00,2004,20,LAWRENCE AVE W,JANE ST,5 m West of,Major Arterial,Etobicoke York,5,12,43.702868,-79.503825,Intersection,Non Intersection,No Control,Clear,"Dark, artificial",Dry,Fatal,Pedestrian Collisions,Driver,55 to 59,None,<Null>,East,"Automobile, Station Wagon",Going Ahead,Driving Properly,Normal,<Null>,<Null>,<Null>,<Null>,<Null>,<Null>,Yes,<Null>,Yes,<Null>,<Null>,<Null>,<Null>,<Null>,<Null>,<Null>,<Null>,<Null>,<Null>,D12,30,Brookhaven-Amesbury (30),12566,30
-8850325.315,5419574.873,80492560,5001940328,2015,2015/11/11 05:00:00+00,2004,20,LAWRENCE AVE W,JANE ST,5 m West of,Major Arterial,Etobicoke York,5,12,43.702868,-79.503825,Intersection,Non Intersection,No Control,Clear,"Dark, artificial",Dry,Fatal,Pedestrian Collisions,Pedestrian,85 to 89,Fatal,55,South,<Null>,<Null>,<Null>,<Null>,Pedestrian hit at mid-block,"Crossing, no Traffic Control",Inattentive,<Null>,<Null>,<Null>,Yes,<Null>,Yes,<Null>,<Null>,<Null>,<Null>,<Null>,<Null>,<Null>,<Null>,<Null>,<Null>,D12,30,Brookhaven-Amesbury (30),12567,30
-8841544.434,5419053.962,80492721,5001954714,2015,2015/11/14 05:00:00+00,825,8,1996 BATHURST ST,<Null>,<Null>,Major Arterial,Toronto and East York,12,13,43.699485,-79.424945,Mid-Block,Non Intersection,No Control,Clear,Daylight,Dry,Fatal,Pedestrian Collisions,Pedestrian,85 to 89,Fatal,65,<Null>,"Automobile, Station Wagon",<Null>,<Null>,<Null>,Pedestrian hit at parking lot,Other,Normal,<Null>,<Null>,<Null>,Yes,<Null>,Yes,<Null>,<Null>,<Null>,<Null>,<Null>,<Null>,<Null>,<Null>,<Null>,<Null>,D13,101,Forest Hill South (101),12568,101
-8838725.602,5409346.352,80631987,5001964890,2015,2015/11/16 05:00:00+00,615,6,BATHURST ST,FLEET ST,<Null>,Major Arterial,Toronto and East York,10,14,43.636405,-79.399623,Intersection,At Intersection,Traffic Signal,Clear,"Dawn, artificial",Dry,Non-Fatal Injury,Turning Movement,Driver,50 to 54,Major,<Null>,West,"Automobile, Station Wagon",Turning Left,Improper Turn,Inattentive,<Null>,<Null>,<Null>,<Null>,<Null>,<Null>,<Null>,<Null>,Yes,<Null>,<Null>,<Null>,<Null>,Yes,<Null>,<Null>,<Null>,<Null>,<Null>,D14,77,Waterfront Communities-The Island (77),12569,77
-8838725.602,5409346.352,80631988,5001964890,2015,2015/11/16 05:00:00+00,615,6,BATHURST ST,FLEET ST,<Null>,Major Arterial,Toronto and East York,10,14,43.636405,-79.399623,Intersection,At Intersection,Traffic Signal,Clear,"Dawn, artificial",Dry,Non-Fatal Injury,Turning Movement,Driver,45 to 49,None,<Null>,East,Pick Up Truck,Going Ahead,Driving Properly,Normal,<Null>,<Null>,<Null>,<Null>,<Null>,<Null>,<Null>,<Null>,Yes,<Null>,<Null>,<Null>,<Null>,Yes,<Null>,<Null>,<Null>,<Null>,<Null>,D14,77,Waterfront Communities-The Island (77),12570,77
-8838725.602,5409346.352,80631989,5001964890,2015,2015/11/16 05:00:00+00,615,6,BATHURST ST,FLEET ST,<Null>,Major Arterial,Toronto and East York,10,14,43.636405,-79.399623,Intersection,At Intersection,Traffic Signal,Clear,"Dawn, artificial",Dry,Non-Fatal Injury,Turning Movement,Passenger,50 to 54,Minor,<Null>,<Null>,<Null>,<Null>,<Null>,<Null>,<Null>,<Null>,<Null>,<Null>,<Null>,<Null>,<Null>,<Null>,Yes,<Null>,<Null>,<Null>,<Null>,Yes,<Null>,<Null>,<Null>,<Null>,<Null>,D14,77,Waterfront Communities-The Island (77),12571,77
-8818634.549,5425866.924,80493005,5001980850,2015,2015/11/18 05:00:00+00,1710,17,MARKHAM RD,EGLINTON AVE E,55 m North of,Major Arterial,Scarborough,24,43,43.743716,-79.219142,Mid-Block,Non Intersection,No Control,Rain,"Dark, artificial",Wet,Fatal,Pedestrian Collisions,Driver,65 to 69,None,<Null>,South,"Automobile, Station Wagon",Going Ahead,Driving Properly,Normal,<Null>,<Null>,<Null>,<Null>,<Null>,<Null>,Yes,<Null>,Yes,<Null>,<Null>,<Null>,<Null>,<Null>,<Null>,<Null>,<Null>,<Null>,<Null>,D43,139,Scarborough Village (139),12572,139
-8818634.549,5425866.924,80493006,5001980850,2015,2015/11/18 05:00:00+00,1710,17,MARKHAM RD,EGLINTON AVE E,55 m North of,Major Arterial,Scarborough,24,43,43.743716,-79.219142,Mid-Block,Non Intersection,No Control,Rain,"Dark, artificial",Wet,Fatal,Pedestrian Collisions,Driver,50 to 54,None,<Null>,North,"Automobile, Station Wagon",Going Ahead,Driving Properly,Normal,<Null>,<Null>,<Null>,<Null>,<Null>,<Null>,Yes,<Null>,Yes,<Null>,<Null>,<Null>,<Null>,<Null>,<Null>,<Null>,<Null>,<Null>,<Null>,D43,139,Scarborough Village (139),12573,139
-8818634.549,5425866.924,80493007,5001980850,2015,2015/11/18 05:00:00+00,1710,17,MARKHAM RD,EGLINTON AVE E,55 m North of,Major Arterial,Scarborough,24,43,43.743716,-79.219142,Mid-Block,Non Intersection,No Control,Rain,"Dark, artificial",Wet,Fatal,Pedestrian Collisions,Pedestrian,45 to 49,Fatal,56,East,<Null>,<Null>,<Null>,<Null>,Pedestrian hit at mid-block,"Crossing, no Traffic Control",Inattentive,<Null>,<Null>,<Null>,Yes,<Null>,Yes,<Null>,<Null>,<Null>,<Null>,<Null>,<Null>,<Null>,<Null>,<Null>,<Null>,D43,139,Scarborough Village (139),12574,139
-8813781.687,5435672.457,80256418,5001982660,2015,2015/11/19 05:00:00+00,40,0,SHEPPARD AVE E,IDAGROVE GT,<Null>,Major Arterial,Scarborough,25,42,43.807318,-79.175548,Intersection,At Intersection,Traffic Signal,Rain,"Dark, artificial",Wet,Non-Fatal Injury,Pedestrian Collisions,Driver,35 to 39,None,<Null>,East,"Automobile, Station Wagon",Going Ahead,Driving Properly,Normal,<Null>,<Null>,<Null>,<Null>,<Null>,<Null>,Yes,<Null>,Yes,<Null>,<Null>,<Null>,<Null>,<Null>,<Null>,<Null>,<Null>,<Null>,<Null>,D42,131,Rouge (131),12575,131
-8813781.687,5435672.457,80256419,5001982660,2015,2015/11/19 05:00:00+00,40,0,SHEPPARD AVE E,IDAGROVE GT,<Null>,Major Arterial,Scarborough,25,42,43.807318,-79.175548,Intersection,At Intersection,Traffic Signal,Rain,"Dark, artificial",Wet,Non-Fatal Injury,Pedestrian Collisions,Pedestrian,60 to 64,Major,<Null>,North,<Null>,<Null>,<Null>,<Null>,Vehicle is going straight thru inter.while ped cross without ROW,Crossing without right of way,Inattentive,<Null>,<Null>,<Null>,Yes,<Null>,Yes,<Null>,<Null>,<Null>,<Null>,<Null>,<Null>,<Null>,<Null>,<Null>,<Null>,D42,131,Rouge (131),12576,131
-8853356.545,5408587.624,80256421,5001983106,2015,2015/11/19 05:00:00+00,502,5,KIPLING AVE,NORSEMAN ST,<Null>,Major Arterial,Etobicoke York,3,22,43.631472,-79.531055,Intersection,At Intersection,Traffic Signal,Rain,"Dark, artificial",Wet,Non-Fatal Injury,Pedestrian Collisions,Driver,45 to 49,None,<Null>,South,"Automobile, Station Wagon",Turning Left,Failed to Yield Right of Way,Normal,<Null>,<Null>,<Null>,<Null>,<Null>,<Null>,Yes,<Null>,Yes,<Null>,<Null>,<Null>,<Null>,<Null>,<Null>,Yes,<Null>,<Null>,<Null>,D22,14,Islington-City Centre West (14),12577,14
-8853356.545,5408587.624,80256422,5001983106,2015,2015/11/19 05:00:00+00,502,5,KIPLING AVE,NORSEMAN ST,<Null>,Major Arterial,Etobicoke York,3,22,43.631472,-79.531055,Intersection,At Intersection,Traffic Signal,Rain,"Dark, artificial",Wet,Non-Fatal Injury,Pedestrian Collisions,Pedestrian,40 to 44,Major,<Null>,South,<Null>,<Null>,<Null>,<Null>,Vehicle turns left while ped crosses with ROW at inter.,Crossing with right of way,Normal,<Null>,<Null>,<Null>,Yes,<Null>,Yes,<Null>,<Null>,<Null>,<Null>,<Null>,<Null>,Yes,<Null>,<Null>,<Null>,D22,14,Islington-City Centre West (14),12578,14
-8830439.869,5425590.032,80493171,5001995659,2015,2015/11/21 05:00:00+00,55,0,UNDERHILL DR,ROANOKE RD,<Null>,Collector,North York,16,33,43.741919,-79.325191,Intersection,Intersection Related,Stop Sign,Clear,"Dark, artificial",Dry,Non-Fatal Injury,Turning Movement,Driver,70 to 74,Major,<Null>,South,"Automobile, Station Wagon",Going Ahead,Speed too Fast For Condition,"Ability Impaired, Alcohol Over .08",<Null>,<Null>,<Null>,<Null>,<Null>,<Null>,<Null>,<Null>,Yes,<Null>,<Null>,<Null>,<Null>,<Null>,Yes,Yes,<Null>,Yes,<Null>,D33,45,Parkwoods-Donalda (45),12579,45
-8830439.869,5425590.032,80493172,5001995659,2015,2015/11/21 05:00:00+00,55,0,UNDERHILL DR,ROANOKE RD,<Null>,Collector,North York,16,33,43.741919,-79.325191,Intersection,Intersection Related,Stop Sign,Clear,"Dark, artificial",Dry,Non-Fatal Injury,Turning Movement,Driver,25 to 29,Minimal,<Null>,East,"Automobile, Station Wagon",Turning Left,Improper Turn,Normal,<Null>,<Null>,<Null>,<Null>,<Null>,<Null>,<Null>,<Null>,Yes,<Null>,<Null>,<Null>,<Null>,<Null>,Yes,Yes,<Null>,Yes,<Null>,D33,45,Parkwoods-Donalda (45),12580,45
-8827697.402,5425923.937,80493222,5001998431,2015,2015/11/21 05:00:00+00,1344,13,LAWRENCE AVE E,ELINOR AVE,<Null>,Major Arterial,Scarborough,21,41,43.744086,-79.300555,Intersection,At Intersection,Traffic Signal,Rain,Daylight,Wet,Non-Fatal Injury,Pedestrian Collisions,Driver - Not Hit,unknown,None,<Null>,<Null>,"Automobile, Station Wagon",<Null>,<Null>,<Null>,<Null>,<Null>,<Null>,<Null>,<Null>,<Null>,<Null>,<Null>,Yes,<Null>,<Null>,<Null>,<Null>,<Null>,<Null>,<Null>,<Null>,<Null>,<Null>,D41,119,Wexford/Maryvale (119),12581,119
-8827697.402,5425923.937,80493223,5001998431,2015,2015/11/21 05:00:00+00,1344,13,LAWRENCE AVE E,ELINOR AVE,<Null>,Major Arterial,Scarborough,21,41,43.744086,-79.300555,Intersection,At Intersection,Traffic Signal,Rain,Daylight,Wet,Non-Fatal Injury,Pedestrian Collisions,Driver,30 to 34,Major,<Null>,West,"Automobile, Station Wagon",Going Ahead,Driving Properly,Normal,<Null>,<Null>,<Null>,<Null>,<Null>,<Null>,<Null>,<Null>,Yes,<Null>,<Null>,<Null>,<Null>,<Null>,<Null>,<Null>,<Null>,<Null>,<Null>,D41,119,Wexford/Maryvale (119),12582,119
-8847357.871,5417540.978,80256670,5002000710,2015,2015/11/21 05:00:00+00,2110,21,EGLINTON AVE W,MUNICIPAL DR,19 m East of,Major Arterial,Etobicoke York,5,12,43.689658,-79.477168,Intersection,Non Intersection,No Control,Rain,"Dark, artificial",Wet,Non-Fatal Injury,Pedestrian Collisions,Driver,unknown,None,<Null>,Unknown,<Null>,Unknown,Other,Unknown,<Null>,<Null>,<Null>,<Null>,<Null>,<Null>,Yes,<Null>,<Null>,<Null>,<Null>,<Null>,<Null>,<Null>,<Null>,<Null>,<Null>,<Null>,<Null>,D12,110,Keelesdale-Eglinton West (110),12583,110
-8847357.871,5417540.978,80256671,5002000710,2015,2015/11/21 05:00:00+00,2110,21,EGLINTON AVE W,MUNICIPAL DR,19 m East of,Major Arterial,Etobicoke York,5,12,43.689658,-79.477168,Intersection,Non Intersection,No Control,Rain,"Dark, artificial",Wet,Non-Fatal Injury,Pedestrian Collisions,Pedestrian,30 to 34,Major,<Null>,Unknown,<Null>,<Null>,<Null>,<Null>,Pedestrian hit at mid-block,Other,Had Been Drinking,<Null>,<Null>,<Null>,Yes,<Null>,<Null>,<Null>,<Null>,<Null>,<Null>,<Null>,<Null>,<Null>,<Null>,<Null>,<Null>,D12,110,Keelesdale-Eglinton West (110),12584,110
-8828467.733,5434706.889,80493393,5002012379,2015,2015/11/23 05:00:00+00,2119,21,3030 BIRCHMOUNT RD,<Null>,10 m East of,Major Arterial,Scarborough,22,42,43.801058,-79.307475,Mid-Block,Non Intersection,No Control,Snow,Dark,Wet,Non-Fatal Injury,Approaching,Driver,25 to 29,Minor,<Null>,South,"Automobile, Station Wagon",Going Ahead,Speed too Fast For Condition,Unknown,<Null>,<Null>,<Null>,<Null>,<Null>,<Null>,<Null>,<Null>,Yes,<Null>,<Null>,<Null>,<Null>,Yes,Yes,Yes,<Null>,<Null>,<Null>,D42,117,L'Amoreaux (117),12585,117
-8828467.733,5434706.889,80493394,5002012379,2015,2015/11/23 05:00:00+00,2119,21,3030 BIRCHMOUNT RD,<Null>,10 m East of,Major Arterial,Scarborough,22,42,43.801058,-79.307475,Mid-Block,Non Intersection,No Control,Snow,Dark,Wet,Non-Fatal Injury,Approaching,Driver,40 to 44,Minor,<Null>,North,"Automobile, Station Wagon",Going Ahead,Driving Properly,Normal,<Null>,<Null>,<Null>,<Null>,<Null>,<Null>,<Null>,<Null>,Yes,<Null>,<Null>,<Null>,<Null>,Yes,Yes,Yes,<Null>,<Null>,<Null>,D42,117,L'Amoreaux (117),12586,117