X,Y,INDEX_,ACCNUM,YEAR,DATE,TIME,HOUR,STREET1,STREET2,OFFSET,ROAD_CLASS,DISTRICT,WARDNUM,DIVISION,LATITUDE,LONGITUDE,LOCCOORD,ACCLOC,TRAFFCTL,VISIBILITY,LIGHT,RDSFCOND,ACCLASS,IMPACTYPE,INVTYPE,INVAGE,INJURY,FATAL_NO,INITDIR,VEHTYPE,MANOEUVER,DRIVACT,DRIVCOND,PEDTYPE,PEDACT,PEDCOND,CYCLISTYPE,CYCACT,CYCCOND,PEDESTRIAN,CYCLIST,AUTOMOBILE,MOTORCYCLE,TRUCK,TRSN_CITY_VEH,EMERG_VEH,PASSENGER,SPEEDING,AG_DRIV,REDLIGHT,ALCOHOL,DISABILITY,POLICE_DIVISION,HOOD_ID,NEIGHBOURHOOD,ObjectId,VEHICLES_IN_STREET
-8839298.006,5414353.238,80494520,5002105318,2015,2015/12/08 05:00:00+00,2115,21,LOWTHER AVE,SPADINA RD,5 m South of,Minor Arterial,Toronto and East York,11,"53,14",43.668948,-79.404765,Intersection,Intersection Related,Traffic Signal,Rain,"Dark, artificial",Wet,Non-Fatal Injury,Cyclist Collisions,Passenger,10 to 14,None,<Null>,<Null>,<Null>,<Null>,<Null>,<Null>,<Null>,<Null>,<Null>,<Null>,<Null>,<Null>,<Null>,Yes,Yes,<Null>,<Null>,<Null>,<Null>,Yes,<Null>,<Null>,<Null>,<Null>,<Null>,D53,95,Annex (95),12628,95
-8836327.223,5411848.61,80494818,5002127671,2015,2015/12/12 05:00:00+00,646,6,QUEEN ST E,VICTORIA ST,2 m West of,Major Arterial,Toronto and East York,13,51,43.652671,-79.378078,Intersection,Intersection Related,Traffic Signal,Clear,"Dark, artificial",Dry,Non-Fatal Injury,Pedestrian Collisions,Driver,45 to 49,None,<Null>,West,Pick Up Truck,Going Ahead,Driving Properly,Normal,<Null>,<Null>,<Null>,<Null>,<Null>,<Null>,Yes,<Null>,Yes,<Null>,<Null>,<Null>,<Null>,<Null>,<Null>,<Null>,<Null>,<Null>,<Null>,D51,75,Church-Yonge Corridor (75),12629,75
-8836327.223,5411848.61,80494819,5002127671,2015,2015/12/12 05:00:00+00,646,6,QUEEN ST E,VICTORIA ST,2 m West of,Major Arterial,Toronto and East York,13,51,43.652671,-79.378078,Intersection,Intersection Related,Traffic Signal,Clear,"Dark, artificial",Dry,Non-Fatal Injury,Pedestrian Collisions,Pedestrian,40 to 44,Major,<Null>,Unknown,<Null>,<Null>,<Null>,<Null>,Other / Undefined,Other,Medical or Physical Disability,<Null>,<Null>,<Null>,Yes,<Null>,Yes,<Null>,<Null>,<Null>,<Null>,<Null>,<Null>,<Null>,<Null>,<Null>,<Null>,D51,75,Church-Yonge Corridor (75),12630,75
-8848278.595,5411690.141,80494869,5002131445,2015,2015/12/12 05:00:00+00,1941,19,JANE ST,WEATHERELL ST,<Null>,Major Arterial,Toronto and East York,4,11,43.651641,-79.485439,Intersection,At Intersection,No Control,Clear,"Dark, artificial",Dry,Non-Fatal Injury,Sideswipe,Driver,20 to 24,None,<Null>,South,"Automobile, Station Wagon",Changing Lanes,Improper Lane Change,Normal,<Null>,<Null>,<Null>,<Null>,<Null>,<Null>,<Null>,<Null>,Yes,Yes,<Null>,<Null>,<Null>,Yes,<Null>,<Null>,<Null>,<Null>,<Null>,D11,89,Runnymede-Bloor West Village (89),12631,89
-8848278.595,5411690.141,80494870,5002131445,2015,2015/12/12 05:00:00+00,1941,19,JANE ST,WEATHERELL ST,<Null>,Major Arterial,Toronto and East York,4,11,43.651641,-79.485439,Intersection,At Intersection,No Control,Clear,"Dark, artificial",Dry,Non-Fatal Injury,Sideswipe,Motorcycle Driver,15 to 19,Major,<Null>,South,Motorcycle,Going Ahead,Driving Properly,Normal,<Null>,<Null>,<Null>,<Null>,<Null>,<Null>,<Null>,<Null>,Yes,Yes,<Null>,<Null>,<Null>,Yes,<Null>,<Null>,<Null>,<Null>,<Null>,D11,89,Runnymede-Bloor West Village (89),12632,89
-8848278.595,5411690.141,80494871,5002131445,2015,2015/12/12 05:00:00+00,1941,19,JANE ST,WEATHERELL ST,<Null>,Major Arterial,Toronto and East York,4,11,43.651641,-79.485439,Intersection,At Intersection,No Control,Clear,"Dark, artificial",Dry,Non-Fatal Injury,Sideswipe,Passenger,20 to 24,None,<Null>,<Null>,<Null>,<Null>,<Null>,<Null>,<Null>,<Null>,<Null>,<Null>,<Null>,<Null>,<Null>,<Null>,Yes,Yes,<Null>,<Null>,<Null>,Yes,<Null>,<Null>,<Null>,<Null>,<Null>,D11,89,Runnymede-Bloor West Village (89),12633,89
-8845279.648,5411610.908,80494905,5002136221,2015,2015/12/13 05:00:00+00,1556,15,PARKSIDE DR,INDIAN VALLEY CRES,<Null>,Major Arterial,Toronto and East York,4,11,43.651126,-79.458499,Intersection,At Intersection,Traffic Signal,Rain,Daylight,Wet,Non-Fatal Injury,Cyclist Collisions,Driver,35 to 39,None,<Null>,South,"Automobile, Station Wagon",Going Ahead,Following too Close,Normal,<Null>,<Null>,<Null>,<Null>,<Null>,<Null>,<Null>,Yes,Yes,<Null>,<Null>,<Null>,<Null>,Yes,<Null>,Yes,<Null>,<Null>,<Null>,D11,87,High Park-Swansea (87),12634,87
-8845279.648,5411610.908,80494906,5002136221,2015,2015/12/13 05:00:00+00,1556,15,PARKSIDE DR,INDIAN VALLEY CRES,<Null>,Major Arterial,Toronto and East York,4,11,43.651126,-79.458499,Intersection,At Intersection,Traffic Signal,Rain,Daylight,Wet,Non-Fatal Injury,Cyclist Collisions,Cyclist,25 to 29,Major,<Null>,South,Bicycle,Stopped,<Null>,<Null>,<Null>,<Null>,<Null>,Cyclist and Driver travelling in same direction. One vehicle rear-ended the other.,Driving Properly,Normal,<Null>,Yes,Yes,<Null>,<Null>,<Null>,<Null>,Yes,<Null>,Yes,<Null>,<Null>,<Null>,D11,87,High Park-Swansea (87),12635,87
-8845279.648,5411610.908,80494907,5002136221,2015,2015/12/13 05:00:00+00,1556,15,PARKSIDE DR,INDIAN VALLEY CRES,<Null>,Major Arterial,Toronto and East York,4,11,43.651126,-79.458499,Intersection,At Intersection,Traffic Signal,Rain,Daylight,Wet,Non-Fatal Injury,Cyclist Collisions,Passenger,10 to 14,None,<Null>,<Null>,<Null>,<Null>,<Null>,<Null>,<Null>,<Null>,<Null>,<Null>,<Null>,<Null>,<Null>,Yes,Yes,<Null>,<Null>,<Null>,<Null>,Yes,<Null>,Yes,<Null>,<Null>,<Null>,D11,87,High Park-Swansea (87),12636,87
-8845279.648,5411610.908,80494908,5002136221,2015,2015/12/13 05:00:00+00,1556,15,PARKSIDE DR,INDIAN VALLEY CRES,<Null>,Major Arterial,Toronto and East York,4,11,43.651126,-79.458499,Intersection,At Intersection,Traffic Signal,Rain,Daylight,Wet,Non-Fatal Injury,Cyclist Collisions,Passenger,10 to 14,None,<Null>,<Null>,<Null>,<Null>,<Null>,<Null>,<Null>,<Null>,<Null>,<Null>,<Null>,<Null>,<Null>,Yes,Yes,<Null>,<Null>,<Null>,<Null>,Yes,<Null>,Yes,<Null>,<Null>,<Null>,D11,87,High Park-Swansea (87),12637,87
-8845097.084,5422796.148,80494947,5002137387,2015,2015/12/13 05:00:00+00,2013,20,DUFFERIN ST,CARTWRIGHT AVE,7 m North of,Major Arterial,North York,8,32,43.723784,-79.456859,Intersection,At Intersection,No Control,Clear,"Dark, artificial",Dry,Non-Fatal Injury,Pedestrian Collisions,Pedestrian,25 to 29,Major,<Null>,East,<Null>,<Null>,<Null>,<Null>,Vehicle is going straight thru inter.while ped cross without ROW,"Crossing, no Traffic Control",Inattentive,<Null>,<Null>,<Null>,Yes,<Null>,<Null>,<Null>,<Null>,<Null>,<Null>,<Null>,<Null>,<Null>,<Null>,<Null>,<Null>,D32,31,Yorkdale-Glen Park (31),12638,31
-8841528.292,5409805.802,80495552,5002181080,2015,2015/12/14 05:00:00+00,1726,17,KING ST W,FRASER AVE,2 m West of,Major Arterial,Toronto and East York,10,14,43.639392,-79.4248,Intersection,At Intersection,Streetcar (Stop for),Rain,"Dark, artificial",Wet,Non-Fatal Injury,Pedestrian Collisions,Driver,unknown,None,<Null>,East,"Automobile, Station Wagon",Going Ahead,Failed to Yield Right of Way,Unknown,<Null>,<Null>,<Null>,<Null>,<Null>,<Null>,Yes,<Null>,Yes,<Null>,<Null>,<Null>,<Null>,<Null>,<Null>,Yes,<Null>,<Null>,<Null>,D14,85,South Parkdale (85),12639,85
-8841528.292,5409805.802,80681707,5002181080,2015,2015/12/14 05:00:00+00,1726,17,KING ST W,FRASER AVE,2 m West of,Major Arterial,Toronto and East York,10,14,43.639392,-79.4248,Intersection,At Intersection,Streetcar (Stop for),Rain,"Dark, artificial",Wet,Non-Fatal Injury,Pedestrian Collisions,Pedestrian,25 to 29,Major,<Null>,North,<Null>,<Null>,<Null>,<Null>,Vehicle is going straight thru inter.while ped cross with ROW,Person Getting on/off Vehicle,Normal,<Null>,<Null>,<Null>,Yes,<Null>,Yes,<Null>,<Null>,<Null>,<Null>,<Null>,<Null>,Yes,<Null>,<Null>,<Null>,D14,85,South Parkdale (85),12640,85
-8850282.902,5419374.081,80495062,5002147377,2015,2015/12/15 05:00:00+00,1100,11,JANE ST,SPEERS AVE,<Null>,Major Arterial,Etobicoke York,5,12,43.701564,-79.503444,Intersection,At Intersection,No Control,Clear,Daylight,Dry,Fatal,Turning Movement,Driver,80 to 84,Major,<Null>,South,"Automobile, Station Wagon",Turning Left,Improper Turn,Unknown,<Null>,<Null>,<Null>,<Null>,<Null>,<Null>,<Null>,<Null>,Yes,<Null>,<Null>,<Null>,<Null>,Yes,<Null>,<Null>,<Null>,<Null>,<Null>,D12,30,Brookhaven-Amesbury (30),12641,30
-8850282.902,5419374.081,80495063,5002147377,2015,2015/12/15 05:00:00+00,1100,11,JANE ST,SPEERS AVE,<Null>,Major Arterial,Etobicoke York,5,12,43.701564,-79.503444,Intersection,At Intersection,No Control,Clear,Daylight,Dry,Fatal,Turning Movement,Driver,55 to 59,None,<Null>,North,Delivery Van,Slowing or Stopping,Driving Properly,Normal,<Null>,<Null>,<Null>,<Null>,<Null>,<Null>,<Null>,<Null>,Yes,<Null>,<Null>,<Null>,<Null>,Yes,<Null>,<Null>,<Null>,<Null>,<Null>,D12,30,Brookhaven-Amesbury (30),12642,30
-8850282.902,5419374.081,80495064,5002147377,2015,2015/12/15 05:00:00+00,1100,11,JANE ST,SPEERS AVE,<Null>,Major Arterial,Etobicoke York,5,12,43.701564,-79.503444,Intersection,At Intersection,No Control,Clear,Daylight,Dry,Fatal,Turning Movement,Passenger,80 to 84,Fatal,63,<Null>,<Null>,<Null>,<Null>,<Null>,<Null>,<Null>,<Null>,<Null>,<Null>,<Null>,<Null>,<Null>,Yes,<Null>,<Null>,<Null>,<Null>,Yes,<Null>,<Null>,<Null>,<Null>,<Null>,D12,30,Brookhaven-Amesbury (30),12643,30
-8825115.569,5435413.009,80631992,5002156360,2015,2015/12/16 05:00:00+00,1645,16,FINCH AVE E,BRIMLEY RD,9 m East of,Major Arterial,Scarborough,23,42,43.805636,-79.277362,Intersection,At Intersection,Traffic Signal,Clear,Dusk,Wet,Non-Fatal Injury,Turning Movement,Driver,55 to 59,None,<Null>,East,"Automobile, Station Wagon",Turning Left,Improper Turn,Unknown,<Null>,<Null>,<Null>,<Null>,<Null>,<Null>,<Null>,<Null>,Yes,<Null>,<Null>,<Null>,<Null>,Yes,<Null>,<Null>,<Null>,<Null>,<Null>,D42,129,Agincourt North (129),12644,129
-8825115.569,5435413.009,80631993,5002156360,2015,2015/12/16 05:00:00+00,1645,16,FINCH AVE E,BRIMLEY RD,9 m East of,Major Arterial,Scarborough,23,42,43.805636,-79.277362,Intersection,At Intersection,Traffic Signal,Clear,Dusk,Wet,Non-Fatal Injury,Turning Movement,Driver,50 to 54,Major,<Null>,West,Passenger Van,Going Ahead,Driving Properly,Unknown,<Null>,<Null>,<Null>,<Null>,<Null>,<Null>,<Null>,<Null>,Yes,<Null>,<Null>,<Null>,<Null>,Yes,<Null>,<Null>,<Null>,<Null>,<Null>,D42,129,Agincourt North (129),12645,129
-8825115.569,5435413.009,80631994,5002156360,2015,2015/12/16 05:00:00+00,1645,16,FINCH AVE E,BRIMLEY RD,9 m East of,Major Arterial,Scarborough,23,42,43.805636,-79.277362,Intersection,At Intersection,Traffic Signal,Clear,Dusk,Wet,Non-Fatal Injury,Turning Movement,Passenger,20 to 24,Major,<Null>,<Null>,<Null>,<Null>,<Null>,<Null>,<Null>,<Null>,<Null>,<Null>,<Null>,<Null>,<Null>,<Null>,Yes,<Null>,<Null>,<Null>,<Null>,Yes,<Null>,<Null>,<Null>,<Null>,<Null>,D42,129,Agincourt North (129),12646,129
-8822108.162,5433222.024,80495364,5002168343,2015,2015/12/18 05:00:00+00,1452,14,4727 SHEPPARD AVE E,<Null>,4 m East of,Major Arterial,Scarborough,23,42,43.79143,-79.250346,Mid-Block,At/Near Private Drive,No Control,Clear,Daylight,Dry,Non-Fatal Injury,Pedestrian Collisions,Driver,80 to 84,None,<Null>,East,"Automobile, Station Wagon",Going Ahead,Driving Properly,Normal,<Null>,<Null>,<Null>,<Null>,<Null>,<Null>,Yes,<Null>,Yes,<Null>,<Null>,<Null>,<Null>,Yes,<Null>,<Null>,<Null>,<Null>,<Null>,D42,128,Agincourt South-Malvern West (128),12647,128
-8822108.162,5433222.024,80495365,5002168343,2015,2015/12/18 05:00:00+00,1452,14,4727 SHEPPARD AVE E,<Null>,4 m East of,Major Arterial,Scarborough,23,42,43.79143,-79.250346,Mid-Block,At/Near Private Drive,No Control,Clear,Daylight,Dry,Non-Fatal Injury,Pedestrian Collisions,Passenger,75 to 79,None,<Null>,<Null>,<Null>,<Null>,<Null>,<Null>,<Null>,<Null>,<Null>,<Null>,<Null>,<Null>,Yes,<Null>,Yes,<Null>,<Null>,<Null>,<Null>,Yes,<Null>,<Null>,<Null>,<Null>,<Null>,D42,128,Agincourt South-Malvern West (128),12648,128
-8822108.162,5433222.024,80495366,5002168343,2015,2015/12/18 05:00:00+00,1452,14,4727 SHEPPARD AVE E,<Null>,4 m East of,Major Arterial,Scarborough,23,42,43.79143,-79.250346,Mid-Block,At/Near Private Drive,No Control,Clear,Daylight,Dry,Non-Fatal Injury,Pedestrian Collisions,Pedestrian,85 to 89,Major,<Null>,North,<Null>,<Null>,<Null>,<Null>,Pedestrian hit at mid-block,"Crossing, no Traffic Control",Inattentive,<Null>,<Null>,<Null>,Yes,<Null>,Yes,<Null>,<Null>,<Null>,<Null>,Yes,<Null>,<Null>,<Null>,<Null>,<Null>,D42,128,Agincourt South-Malvern West (128),12649,128
-8838778.256,5421433.637,80495477,5002176400,2015,2015/12/19 05:00:00+00,2220,22,YONGE ST,SHELDRAKE BLVD,<Null>,Major Arterial,North York,"8,15",53,43.714938,-79.400096,Intersection,At Intersection,Stop Sign,Clear,"Dark, artificial",Dry,Non-Fatal Injury,Pedestrian Collisions,Driver,50 to 54,None,<Null>,North,"Automobile, Station Wagon",Going Ahead,Driving Properly,Normal,<Null>,<Null>,<Null>,<Null>,<Null>,<Null>,Yes,<Null>,Yes,<Null>,<Null>,<Null>,<Null>,Yes,<Null>,<Null>,<Null>,<Null>,<Null>,D53,99,Mount Pleasant East (99),12650,99
-8838778.256,5421433.637,80495478,5002176400,2015,2015/12/19 05:00:00+00,2220,22,YONGE ST,SHELDRAKE BLVD,<Null>,Major Arterial,North York,"8,15",53,43.714938,-79.400096,Intersection,At Intersection,Stop Sign,Clear,"Dark, artificial",Dry,Non-Fatal Injury,Pedestrian Collisions,Passenger,60 to 64,None,<Null>,<Null>,<Null>,<Null>,<Null>,<Null>,<Null>,<Null>,<Null>,<Null>,<Null>,<Null>,Yes,<Null>,Yes,<Null>,<Null>,<Null>,<Null>,Yes,<Null>,<Null>,<Null>,<Null>,<Null>,D53,99,Mount Pleasant East (99),12651,99
-8840232.311,5410713.541,80632000,5002206137,2015,2015/12/25 05:00:00+00,819,8,QUEEN ST W,TRINITY DR,1 m East of,Major Arterial,Toronto and East York,10,14,43.645293,-79.413158,Intersection,At Intersection,Traffic Signal,Clear,Daylight,Dry,Non-Fatal Injury,Pedestrian Collisions,Pedestrian,35 to 39,Major,<Null>,South,<Null>,<Null>,<Null>,<Null>,Pedestrian involved in a collision with transit vehicle anywhere along roadway,Other,Other,<Null>,<Null>,<Null>,Yes,<Null>,<Null>,<Null>,<Null>,Yes,<Null>,<Null>,<Null>,<Null>,<Null>,<Null>,<Null>,D14,82,Niagara (82),12654,82
-8841116.41,5410471.715,80495952,5002211839,2015,2015/12/26 05:00:00+00,1618,16,1071 QUEEN ST W,<Null>,1 m South of,Major Arterial,Toronto and East York,10,14,43.643721,-79.4211,Intersection,Laneway,No Control,Clear,Daylight,Dry,Non-Fatal Injury,Pedestrian Collisions,Driver,35 to 39,None,<Null>,West,"Automobile, Station Wagon",Going Ahead,Lost control,Normal,<Null>,<Null>,<Null>,<Null>,<Null>,<Null>,Yes,<Null>,Yes,<Null>,<Null>,<Null>,<Null>,<Null>,<Null>,<Null>,<Null>,<Null>,<Null>,D14,82,Niagara (82),12743,82
-8841116.41,5410471.715,80495953,5002211839,2015,2015/12/26 05:00:00+00,1618,16,1071 QUEEN ST W,<Null>,1 m South of,Major Arterial,Toronto and East York,10,14,43.643721,-79.4211,Intersection,Laneway,No Control,Clear,Daylight,Dry,Non-Fatal Injury,Pedestrian Collisions,Pedestrian,20 to 24,Major,<Null>,Unknown,<Null>,<Null>,<Null>,<Null>,Pedestrian hit on sidewalk or shoulder,On Sidewalk or Shoulder,Normal,<Null>,<Null>,<Null>,Yes,<Null>,Yes,<Null>,<Null>,<Null>,<Null>,<Null>,<Null>,<Null>,<Null>,<Null>,<Null>,D14,82,Niagara (82),12746,82
-8841116.41,5410471.715,80495954,5002211839,2015,2015/12/26 05:00:00+00,1618,16,1071 QUEEN ST W,<Null>,1 m South of,Major Arterial,Toronto and East York,10,14,43.643721,-79.4211,Intersection,Laneway,No Control,Clear,Daylight,Dry,Non-Fatal Injury,Pedestrian Collisions,Pedestrian,25 to 29,Minimal,<Null>,Unknown,<Null>,<Null>,<Null>,<Null>,Pedestrian hit on sidewalk or shoulder,On Sidewalk or Shoulder,Normal,<Null>,<Null>,<Null>,Yes,<Null>,Yes,<Null>,<Null>,<Null>,<Null>,<Null>,<Null>,<Null>,<Null>,<Null>,<Null>,D14,82,Niagara (82),12747,82
-8841116.41,5410471.715,80495955,5002211839,2015,2015/12/26 05:00:00+00,1618,16,1071 QUEEN ST W,<Null>,1 m South of,Major Arterial,Toronto and East York,10,14,43.643721,-79.4211,Intersection,Laneway,No Control,Clear,Daylight,Dry,Non-Fatal Injury,Pedestrian Collisions,Pedestrian,25 to 29,Minimal,<Null>,Unknown,<Null>,<Null>,<Null>,<Null>,Pedestrian hit on sidewalk or shoulder,On Sidewalk or Shoulder,Normal,<Null>,<Null>,<Null>,Yes,<Null>,Yes,<Null>,<Null>,<Null>,<Null>,<Null>,<Null>,<Null>,<Null>,<Null>,<Null>,D14,82,Niagara (82),12748,82
-8841116.41,5410471.715,80495956,5002211839,2015,2015/12/26 05:00:00+00,1618,16,1071 QUEEN ST W,<Null>,1 m South of,Major Arterial,Toronto and East York,10,14,43.643721,-79.4211,Intersection,Laneway,No Control,Clear,Daylight,Dry,Non-Fatal Injury,Pedestrian Collisions,Pedestrian,25 to 29,Minimal,<Null>,Unknown,<Null>,<Null>,<Null>,<Null>,Pedestrian hit on sidewalk or shoulder,On Sidewalk or Shoulder,Normal,<Null>,<Null>,<Null>,Yes,<Null>,Yes,<Null>,<Null>,<Null>,<Null>,<Null>,<Null>,<Null>,<Null>,<Null>,<Null>,D14,82,Niagara (82),12749,82
-8842278.252,5414504.058,80495959,5002212262,2015,2015/12/26 05:00:00+00,1754,17,DUPONT ST,DELAWARE AVE,16 m East of,Major Arterial,Toronto and East York,9,14,43.669928,-79.431537,Intersection,Non Intersection,No Control,Clear,"Dusk, artificial",Dry,Non-Fatal Injury,Pedestrian Collisions,Driver,60 to 64,None,<Null>,East,Passenger Van,Going Ahead,Driving Properly,Normal,<Null>,<Null>,<Null>,<Null>,<Null>,<Null>,Yes,<Null>,Yes,<Null>,<Null>,<Null>,<Null>,<Null>,<Null>,<Null>,<Null>,<Null>,<Null>,D14,93,Dovercourt-Wallace Emerson-Junction (93),12750,93
-8842278.252,5414504.058,80495960,5002212262,2015,2015/12/26 05:00:00+00,1754,17,DUPONT ST,DELAWARE AVE,16 m East of,Major Arterial,Toronto and East York,9,14,43.669928,-79.431537,Intersection,Non Intersection,No Control,Clear,"Dusk, artificial",Dry,Non-Fatal Injury,Pedestrian Collisions,Pedestrian,50 to 54,Major,<Null>,South,<Null>,<Null>,<Null>,<Null>,Pedestrian hit at mid-block,"Crossing, no Traffic Control",Had Been Drinking,<Null>,<Null>,<Null>,Yes,<Null>,Yes,<Null>,<Null>,<Null>,<Null>,<Null>,<Null>,<Null>,<Null>,<Null>,<Null>,D14,93,Dovercourt-Wallace Emerson-Junction (93),12751,93
-8842278.252,5414504.058,80495961,5002212262,2015,2015/12/26 05:00:00+00,1754,17,DUPONT ST,DELAWARE AVE,16 m East of,Major Arterial,Toronto and East York,9,14,43.669928,-79.431537,Intersection,Non Intersection,No Control,Clear,"Dusk, artificial",Dry,Non-Fatal Injury,Pedestrian Collisions,Pedestrian,40 to 44,Major,<Null>,South,<Null>,<Null>,<Null>,<Null>,Pedestrian hit at mid-block,"Crossing, no Traffic Control",Had Been Drinking,<Null>,<Null>,<Null>,Yes,<Null>,Yes,<Null>,<Null>,<Null>,<Null>,<Null>,<Null>,<Null>,<Null>,<Null>,<Null>,D14,93,Dovercourt-Wallace Emerson-Junction (93),12752,93
-8826679.163,5423280.299,80632001,5002220976,2015,2015/12/28 05:00:00+00,1253,12,HAKIMI  AVE,EGLINTON AVE E,20 m North of,Major Arterial,Scarborough,"21,20",41,43.726927,-79.291408,Intersection,At/Near Private Drive,No Control,Clear,Daylight,Dry,Non-Fatal Injury,Angle,Driver,40 to 44,None,<Null>,West,"Automobile, Station Wagon",Going Ahead,Failed to Yield Right of Way,Inattentive,<Null>,<Null>,<Null>,<Null>,<Null>,<Null>,<Null>,<Null>,Yes,<Null>,<Null>,<Null>,<Null>,<Null>,<Null>,Yes,<Null>,<Null>,<Null>,D41,120,Clairlea-Birchmount (120),12753,120
-8826679.163,5423280.299,80632002,5002220976,2015,2015/12/28 05:00:00+00,1253,12,HAKIMI  AVE,EGLINTON AVE E,20 m North of,Major Arterial,Scarborough,"21,20",41,43.726927,-79.291408,Intersection,At/Near Private Drive,No Control,Clear,Daylight,Dry,Non-Fatal Injury,Angle,Driver,20 to 24,Major,<Null>,South,"Automobile, Station Wagon",Going Ahead,Driving Properly,Normal,<Null>,<Null>,<Null>,<Null>,<Null>,<Null>,<Null>,<Null>,Yes,<Null>,<Null>,<Null>,<Null>,<Null>,<Null>,Yes,<Null>,<Null>,<Null>,D41,120,Clairlea-Birchmount (120),12754,120
-8835767.509,5413465.608,80496237,5002234344,2015,2015/12/30 05:00:00+00,1824,18,CARLTON ST,SHERBOURNE ST,<Null>,Minor Arterial,Toronto and East York,13,51,43.66318,-79.37305,Intersection,At Intersection,Traffic Signal,Clear,Dark,Dry,Non-Fatal Injury,Pedestrian Collisions,Driver,25 to 29,None,<Null>,West,"Automobile, Station Wagon",Turning Right,Failed to Yield Right of Way,Inattentive,<Null>,<Null>,<Null>,<Null>,<Null>,<Null>,Yes,<Null>,Yes,<Null>,<Null>,<Null>,<Null>,<Null>,<Null>,Yes,<Null>,<Null>,<Null>,D51,73,Moss Park (73),12755,73
-8835767.509,5413465.608,80496238,5002234344,2015,2015/12/30 05:00:00+00,1824,18,CARLTON ST,SHERBOURNE ST,<Null>,Minor Arterial,Toronto and East York,13,51,43.66318,-79.37305,Intersection,At Intersection,Traffic Signal,Clear,Dark,Dry,Non-Fatal Injury,Pedestrian Collisions,Pedestrian,35 to 39,Major,<Null>,East,<Null>,<Null>,<Null>,<Null>,Vehicle turns right while ped crosses with ROW at inter.,Crossing with right of way,Normal,<Null>,<Null>,<Null>,Yes,<Null>,Yes,<Null>,<Null>,<Null>,<Null>,<Null>,<Null>,Yes,<Null>,<Null>,<Null>,D51,73,Moss Park (73),12756,73
-8843487.627,5419980.781,80496250,5002235368,2015,2015/12/30 05:00:00+00,2115,21,250 MARLEE AVE,<Null>,1 m East of,Minor Arterial,North York,8,13,43.705504,-79.442401,Intersection,At/Near Private Drive,No Control,Clear,"Dark, artificial",Wet,Non-Fatal Injury,Angle,Driver,20 to 24,None,<Null>,West,"Automobile, Station Wagon",Going Ahead,Other,Normal,<Null>,<Null>,<Null>,<Null>,<Null>,<Null>,<Null>,<Null>,Yes,<Null>,<Null>,<Null>,<Null>,Yes,<Null>,<Null>,<Null>,<Null>,<Null>,D13,31,Yorkdale-Glen Park (31),12757,31
-8843487.627,5419980.781,80496251,5002235368,2015,2015/12/30 05:00:00+00,2115,21,250 MARLEE AVE,<Null>,1 m East of,Minor Arterial,North York,8,13,43.705504,-79.442401,Intersection,At/Near Private Drive,No Control,Clear,"Dark, artificial",Wet,Non-Fatal Injury,Angle,Driver,70 to 74,Minimal,<Null>,South,"Automobile, Station Wagon",Going Ahead,Driving Properly,Normal,<Null>,<Null>,<Null>,<Null>,<Null>,<Null>,<Null>,<Null>,Yes,<Null>,<Null>,<Null>,<Null>,Yes,<Null>,<Null>,<Null>,<Null>,<Null>,D13,31,Yorkdale-Glen Park (31),12758,31
-8843487.627,5419980.781,80496252,5002235368,2015,2015/12/30 05:00:00+00,2115,21,250 MARLEE AVE,<Null>,1 m East of,Minor Arterial,North York,8,13,43.705504,-79.442401,Intersection,At/Near Private Drive,No Control,Clear,"Dark, artificial",Wet,Non-Fatal Injury,Angle,Passenger,65 to 69,Major,<Null>,<Null>,<Null>,<Null>,<Null>,<Null>,<Null>,<Null>,<Null>,<Null>,<Null>,<Null>,<Null>,<Null>,Yes,<Null>,<Null>,<Null>,<Null>,Yes,<Null>,<Null>,<Null>,<Null>,<Null>,D13,31,Yorkdale-Glen Park (31),12759,31
-8830782.065,5416414.6,80496256,5002235651,2015,2015/12/30 05:00:00+00,2339,23,DANFORTH AVE,GILLARD AVE,<Null>,Major Arterial,Toronto and East York,14,"54,55",43.682341,-79.328265,Intersection,At Intersection,No Control,Clear,"Dark, artificial",Dry,Fatal,Pedestrian Collisions,Driver,25 to 29,None,<Null>,West,"Automobile, Station Wagon",Going Ahead,Failed to Yield Right of Way,Unknown,<Null>,<Null>,<Null>,<Null>,<Null>,<Null>,Yes,<Null>,Yes,<Null>,<Null>,<Null>,<Null>,<Null>,<Null>,Yes,<Null>,<Null>,<Null>,D55,65,Greenwood-Coxwell (65),12760,65
-8830782.065,5416414.6,80496257,5002235651,2015,2015/12/30 05:00:00+00,2339,23,DANFORTH AVE,GILLARD AVE,<Null>,Major Arterial,Toronto and East York,14,"54,55",43.682341,-79.328265,Intersection,At Intersection,No Control,Clear,"Dark, artificial",Dry,Fatal,Pedestrian Collisions,Pedestrian,60 to 64,Fatal,64,South,<Null>,<Null>,<Null>,<Null>,Vehicle is going straight thru inter.while ped cross with ROW,"Crossing, no Traffic Control",Normal,<Null>,<Null>,<Null>,Yes,<Null>,Yes,<Null>,<Null>,<Null>,<Null>,<Null>,<Null>,Yes,<Null>,<Null>,<Null>,D55,65,Greenwood-Coxwell (65),12761,65